id,participant,song,start,end,moment,songlen,ratio
2,0,0,255.7474275,258.7474275,257.2474275,434,0.592736008065
3,0,0,65.1493335,68.1493335,66.6493335,434,0.153569892857
4,0,0,188.1147705,191.1147705,189.6147705,434,0.436900392857
5,0,0,326.5467195,329.5467195,328.0467195,434,0.755868017281
6,0,0,241.997565,244.997565,243.497565,434,0.561054297235
7,0,0,199.397991,202.397991,200.897991,434,0.462898596774
8,0,0,36.399621,39.399621,37.899621,434,0.0873263156682
9,0,0,194.264709,197.264709,195.764709,434,0.451070758065
10,0,0,164.9483355,167.9483355,166.4483355,434,0.383521510369
11,0,0,61.466037,64.466037,62.966037,434,0.145083034562
12,0,0,382.6461585,385.6461585,384.1461585,434,0.885129397465
13,0,0,342.463227,345.463227,343.963227,434,0.792541997696
14,0,0,212.264529,215.264529,213.764529,434,0.492544997696
15,0,0,100.0156515,103.0156515,101.5156515,434,0.233907031106
16,0,0,204.064611,207.064611,205.564611,434,0.473651177419
17,0,0,392.7127245,395.7127245,394.2127245,434,0.90832425
18,0,0,295.063701,298.063701,296.563701,434,0.6833265
19,0,0,89.999085,92.999085,91.499085,434,0.210827384793
20,0,0,72.8492565,75.8492565,74.3492565,434,0.171311650922
21,0,0,1.5166365,4.5166365,3.0166365,434,0.00695077534562
22,0,0,114.8155035,117.8155035,116.3155035,434,0.268008072581
23,0,0,282.5804925,285.5804925,284.0804925,434,0.654563346774
24,0,0,149.7484875,152.7484875,151.2484875,434,0.348498819124
25,0,0,191.8314,194.8314,193.3314,434,0.4454640553
26,0,0,273.463917,276.463917,274.963917,434,0.633557412442
27,0,0,250.3474815,253.3474815,251.8474815,434,0.580293736175
28,0,0,69.8826195,72.8826195,71.3826195,434,0.164476081797
29,0,0,137.16528,140.16528,138.66528,434,0.319505253456
30,0,0,401.795967,404.795967,403.295967,434,0.929253380184
31,0,0,169.4816235,172.4816235,170.9816235,434,0.393966874424
32,0,1,179.3815245,182.3815245,180.8815245,266,0.680005731203
33,0,1,52.732791,55.732791,54.232791,266,0.203882672932
34,0,1,7.5165765,10.5165765,9.0165765,266,0.0338969041353
35,0,1,197.631342,200.631342,199.131342,266,0.748614067669
36,0,1,25.1497335,28.1497335,26.6497335,266,0.100186968045
37,0,1,110.732211,113.732211,112.232211,266,0.421925605263
38,0,1,42.866223,45.866223,44.366223,266,0.16679031203
39,0,1,209.83122,212.83122,211.33122,266,0.794478270677
40,0,1,194.3147085,197.3147085,195.8147085,266,0.736145520677
41,0,1,212.331195,215.331195,213.831195,266,0.803876672932
42,0,1,160.9483755,163.9483755,162.4483755,266,0.610708178571
43,0,1,254.4807735,257.4807735,255.9807735,266,0.962333734962
44,0,1,159.098394,162.098394,160.598394,266,0.603753360902
45,0,1,60.032718,63.032718,61.532718,266,0.231326007519
46,0,1,122.16543,125.16543,123.66543,266,0.464907631579
47,0,1,244.5475395,247.5475395,246.0475395,266,0.92499075
48,0,1,240.3809145,243.3809145,241.8809145,266,0.909326746241
49,0,1,188.1147705,191.1147705,189.6147705,266,0.712837483083
50,0,1,119.5487895,122.5487895,121.0487895,266,0.455070637218
51,0,1,171.464937,174.464937,172.964937,266,0.65024412406
52,0,1,201.297972,204.297972,202.797972,266,0.762398390977
53,0,1,205.9812585,208.9812585,207.4812585,266,0.780004731203
54,0,1,48.0161715,51.0161715,49.5161715,266,0.186151020677
55,0,1,5.733261,8.733261,7.233261,266,0.0271927105263
56,0,1,30.966342,33.966342,32.466342,266,0.122053917293
57,0,1,70.6159455,73.6159455,72.1159455,266,0.271112577068
58,0,1,95.3156985,98.3156985,96.8156985,266,0.363968791353
59,0,1,223.3810845,226.3810845,224.8810845,266,0.845417610902
60,0,1,233.297652,236.297652,234.797652,266,0.88269793985
61,0,2,127.265379,130.265379,128.765379,293,0.439472283276
62,0,2,187.83144,190.83144,189.33144,293,0.646182389078
63,0,2,279.630522,282.630522,281.130522,293,0.959489836177
64,0,2,284.330475,287.330475,285.830475,293,0.975530631399
65,0,2,132.531993,135.531993,134.031993,293,0.457447075085
66,0,2,229.3810245,232.3810245,230.8810245,293,0.78798984471
67,0,2,202.7479575,205.7479575,204.2479575,293,0.697092005119
68,0,2,220.1811165,223.1811165,221.6811165,293,0.756590841297
69,0,2,261.664035,264.664035,263.164035,293,0.898170767918
70,0,2,224.964402,227.964402,226.464402,293,0.772916047782
71,0,2,277.7138745,280.7138745,279.2138745,293,0.952948377133
72,0,2,91.765734,94.765734,93.265734,293,0.318313085324
73,0,2,232.230996,235.230996,233.730996,293,0.797716709898
74,0,2,134.9819685,137.9819685,136.4819685,293,0.465808766212
75,0,2,88.3157685,91.3157685,89.8157685,293,0.306538459044
76,0,2,257.364078,260.364078,258.864078,293,0.883495146758
77,0,2,239.930919,242.930919,241.430919,293,0.82399631058
78,0,2,255.797427,258.797427,257.297427,293,0.878148215017
79,0,2,271.097274,274.097274,272.597274,293,0.930366122867
80,0,2,235.5809625,238.5809625,237.0809625,293,0.809150042662
81,0,2,242.697558,245.697558,244.197558,293,0.833438764505
82,0,2,146.065191,149.065191,147.565191,293,0.503635464164
83,0,2,150.5818125,153.5818125,152.0818125,293,0.519050554608
84,0,2,32.999655,35.999655,34.499655,293,0.117746262799
85,0,2,265.49733,268.49733,266.99733,293,0.911253686007
86,0,2,194.064711,197.064711,195.564711,293,0.667456351536
87,0,2,124.8154035,127.8154035,126.3154035,293,0.43111059215
88,1,0,3.299952,6.299952,4.799952,300,0.01599984
89,1,0,192.9147225,195.9147225,194.4147225,300,0.648049075
90,1,0,183.1814865,186.1814865,184.6814865,300,0.615604955
91,1,0,59.5160565,62.5160565,61.0160565,300,0.203386855
92,1,0,191.864733,194.864733,193.364733,300,0.64454911
93,1,0,238.797597,241.797597,240.297597,300,0.80099199
94,1,0,191.2480725,194.2480725,192.7480725,300,0.642493575
95,1,0,242.764224,245.764224,244.264224,300,0.81421408
96,1,0,157.698408,160.698408,159.198408,300,0.53066136
97,1,0,10.3498815,13.3498815,11.8498815,300,0.039499605
98,1,0,47.9828385,50.9828385,49.4828385,300,0.164942795
99,1,0,161.3150385,164.3150385,162.8150385,300,0.542716795
100,1,0,139.83192,142.83192,141.33192,300,0.4711064
101,1,0,103.232286,106.232286,104.732286,300,0.34910762
102,1,0,38.999595,41.999595,40.499595,300,0.13499865
103,1,1,45.5828625,48.5828625,47.0828625,267,0.176340308989
104,1,1,159.465057,162.465057,160.965057,267,0.602865382022
105,1,1,99.632322,102.632322,101.132322,267,0.378772741573
106,1,1,157.6817415,160.6817415,159.1817415,267,0.596186297753
107,1,1,118.565466,121.565466,120.065466,267,0.449683393258
108,1,1,23.266419,26.266419,24.766419,267,0.0927581235955
109,1,1,165.964992,168.964992,167.464992,267,0.627209707865
110,1,1,77.3825445,80.3825445,78.8825445,267,0.295440241573
111,1,1,189.031428,192.031428,190.531428,267,0.713600853933
112,1,1,98.6489985,101.6489985,100.1489985,267,0.375089882022
113,1,1,45.9828585,48.9828585,47.4828585,267,0.177838421348
114,1,1,93.4490505,96.4490505,94.9490505,267,0.355614421348
115,1,1,110.0822175,113.0822175,111.5822175,267,0.417910926966
116,1,1,102.665625,105.665625,104.165625,267,0.390133426966
117,1,1,94.699038,97.699038,96.199038,267,0.360296022472
118,1,1,116.9821485,119.9821485,118.4821485,267,0.443753365169
119,1,1,3.7166145,6.7166145,5.2166145,267,0.0195378820225
120,1,1,228.5476995,231.5476995,230.0476995,267,0.861601870787
121,1,1,2.6166255,5.6166255,4.1166255,267,0.0154180730337
122,1,1,68.7492975,71.7492975,70.2492975,267,0.263105983146
123,1,1,95.232366,98.232366,96.732366,267,0.362293505618
124,1,1,159.031728,162.031728,160.531728,267,0.601242426966
125,1,1,119.0821275,122.0821275,120.5821275,267,0.451618455056
126,1,1,78.699198,81.699198,80.199198,267,0.30037152809
127,1,1,165.5483295,168.5483295,167.0483295,267,0.625649174157
128,1,1,97.199013,100.199013,98.699013,267,0.369659224719
129,1,1,46.399521,49.399521,47.899521,267,0.179398955056
130,1,1,178.564866,181.564866,180.064866,267,0.674400247191
131,1,1,170.7482775,173.7482775,172.2482775,267,0.645124634831
132,1,1,170.3482815,173.3482815,171.8482815,267,0.643626522472
133,1,1,264.897336,267.897336,266.397336,267,0.997742831461
134,1,1,38.599599,41.599599,40.099599,267,0.150185764045
135,1,1,94.265709,97.265709,95.765709,267,0.358673067416
136,1,1,232.897656,235.897656,234.397656,267,0.877893842697
137,1,1,59.5493895,62.5493895,61.0493895,267,0.228649398876
138,1,1,50.8161435,53.8161435,52.3161435,267,0.19594061236
139,1,1,108.2822355,111.2822355,109.7822355,267,0.411169421348
140,1,1,104.16561,107.16561,105.66561,267,0.395751348315
141,1,1,179.131527,182.131527,180.631527,267,0.676522573034
142,1,1,103.6489485,106.6489485,105.1489485,267,0.393816286517
143,1,1,241.0142415,244.0142415,242.5142415,267,0.908293039326
144,1,1,223.864413,226.864413,225.364413,267,0.84406147191
145,1,1,109.298892,112.298892,110.798892,267,0.414977123596
146,1,1,159.965052,162.965052,161.465052,267,0.604738022472
147,1,1,185.664795,188.664795,187.164795,267,0.700991741573
148,1,1,32.7829905,35.7829905,34.2829905,267,0.128400713483
149,1,1,117.732141,120.732141,119.232141,267,0.446562325843
150,1,1,141.7485675,144.7485675,143.2485675,267,0.536511488764
151,1,1,96.0490245,99.0490245,97.5490245,267,0.365352151685
152,1,1,158.3484015,161.3484015,159.8484015,267,0.598683151685
153,1,1,162.2483625,165.2483625,163.7483625,267,0.613289747191
154,1,1,118.1488035,121.1488035,119.6488035,267,0.448122859551
155,1,1,103.065621,106.065621,104.565621,267,0.391631539326
156,1,1,17.8164735,20.8164735,19.3164735,267,0.0723463426966
157,1,1,96.599019,99.599019,98.099019,267,0.36741205618
158,1,2,218.9477955,221.9477955,220.4477955,242,0.910941303719
159,1,2,70.632612,73.632612,72.132612,242,0.298068644628
160,1,2,92.3490615,95.3490615,93.8490615,242,0.387806039256
161,1,2,162.698358,165.698358,164.198358,242,0.67850561157
162,1,2,147.0151815,150.0151815,148.5151815,242,0.613699097107
163,1,2,107.632242,110.632242,109.132242,242,0.450959677686
164,1,2,19.599789,22.599789,21.099789,242,0.0871892107438
165,1,2,106.098924,109.098924,107.598924,242,0.444623652893
166,1,2,195.0147015,198.0147015,196.5147015,242,0.812044221074
167,1,2,149.2151595,152.2151595,150.7151595,242,0.622789915289
168,1,2,145.7485275,148.7485275,147.2485275,242,0.608464989669
169,1,2,52.699458,55.699458,54.199458,242,0.223964702479
170,1,2,164.0150115,167.0150115,165.5150115,242,0.683946328512
171,1,2,111.332205,114.332205,112.832205,242,0.466248780992
172,1,2,54.0827775,57.0827775,55.5827775,242,0.22968089876
173,1,2,51.666135,54.666135,53.166135,242,0.219694772727
174,1,2,153.8817795,156.8817795,155.3817795,242,0.642073469008
175,1,2,152.9817885,155.9817885,154.4817885,242,0.638354497934
176,1,2,192.16473,195.16473,193.66473,242,0.800267479339
177,1,2,83.83248,86.83248,85.33248,242,0.352613553719
178,1,2,79.3825245,82.3825245,80.8825245,242,0.334225307851
179,1,2,7.83324,10.83324,9.33324,242,0.038567107438
180,2,2,43.8162135,46.8162135,45.3162135,257,0.176327678988
181,3,0,210.431214,213.431214,211.931214,355,0.596989335211
182,3,0,299.896986,302.896986,301.396986,355,0.849005594366
183,3,0,169.2816255,172.2816255,170.7816255,355,0.481075001408
184,3,0,244.6475385,247.6475385,246.1475385,355,0.693373347887
185,3,0,237.9476055,240.9476055,239.4476055,355,0.674500297183
186,3,0,151.765134,154.765134,153.265134,355,0.431732771831
187,3,0,226.7143845,229.7143845,228.2143845,355,0.642857421127
188,3,0,163.1483535,166.1483535,164.6483535,355,0.463798178873
189,3,0,307.996905,310.996905,309.496905,355,0.871822267606
190,3,1,255.930759,258.930759,257.430759,311,0.827751636656
191,3,1,70.9826085,73.9826085,72.4826085,311,0.233063049839
192,3,1,237.730941,240.730941,239.230941,311,0.769231321543
193,3,1,100.83231,103.83231,102.33231,311,0.329042797428
194,3,1,44.932869,47.932869,46.432869,311,0.149301829582
195,3,1,26.8497165,29.8497165,28.3497165,311,0.0911566446945
196,3,1,209.064561,212.064561,210.564561,311,0.677056466238
197,3,1,55.932759,58.932759,57.432759,311,0.184671250804
198,3,1,89.3824245,92.3824245,90.8824245,311,0.292226445338
199,3,1,22.1164305,25.1164305,23.6164305,311,0.0759370755627
200,3,1,186.331455,189.331455,187.831455,311,0.603959662379
201,3,1,173.16492,176.16492,174.66492,311,0.561623536977
202,3,1,220.064451,223.064451,221.564451,311,0.71242588746
203,3,1,229.6476885,232.6476885,231.1476885,311,0.743240155949
204,3,2,39.766254,42.766254,41.266254,229,0.180201982533
205,3,2,139.7819205,142.7819205,141.2819205,229,0.616951617904
206,3,2,53.5494495,56.5494495,55.0494495,229,0.24039060917
207,3,2,42.732891,45.732891,44.232891,229,0.193156729258
208,3,2,86.665785,89.665785,88.165785,229,0.385003427948
209,3,2,114.2821755,117.2821755,115.7821755,229,0.505599019651
210,3,2,208.5145665,211.5145665,210.0145665,229,0.917094176856
211,3,2,66.5826525,69.5826525,68.0826525,229,0.297304159389
212,3,2,47.16618,50.16618,48.66618,229,0.212516069869
213,3,2,190.098084,193.098084,191.598084,229,0.836672855895
214,3,2,76.4158875,79.4158875,77.9158875,229,0.340244050218
215,3,2,26.0830575,29.0830575,27.5830575,229,0.120450032751
216,3,2,110.765544,113.765544,112.265544,229,0.490242550218
217,4,0,430.262349,433.262349,431.762349,536,0.805526770522
218,4,0,480.2118495,483.2118495,481.7118495,536,0.898716137127
219,4,0,324.1800765,327.1800765,325.6800765,536,0.607612083022
220,4,0,447.6455085,450.6455085,449.1455085,536,0.837958038246
221,5,1,48.1495035,51.1495035,49.6495035,216,0.2298588125
222,5,1,15.8164935,18.8164935,17.3164935,216,0.0801689513889
223,5,1,127.7153745,130.7153745,129.2153745,216,0.598219326389
224,5,2,29.3163585,32.3163585,30.8163585,256,0.120376400391
225,5,2,5.6832615,8.6832615,7.1832615,256,0.0280596152344
226,6,0,112.332195,115.332195,113.832195,262,0.434474026718
227,6,0,56.232756,59.232756,57.732756,262,0.220354030534
228,6,1,29.4163575,32.4163575,30.9163575,176,0.175661122159
229,6,2,56.49942,59.49942,57.99942,445,0.130335775281
230,6,2,1.033308,4.033308,2.533308,445,0.00569282696629
231,6,2,96.965682,99.965682,98.465682,445,0.221271195506
232,6,2,178.9148625,181.9148625,180.4148625,445,0.405426657303
233,6,2,233.8476465,236.8476465,235.3476465,445,0.52887111573
234,7,0,315.6801615,318.6801615,317.1801615,272,1.16610353493
235,7,0,2.333295,5.333295,3.833295,272,0.0140929963235
236,7,0,13.7165145,16.7165145,15.2165145,272,0.0559430680147
237,7,1,55.066101,58.066101,56.566101,332,0.170379822289
238,7,1,270.0139515,273.0139515,271.5139515,332,0.817813106928
239,7,1,53.0161215,56.0161215,54.5161215,332,0.164205185241
240,7,1,2.4832935,5.4832935,3.9832935,332,0.011997871988
241,7,1,28.4163675,31.4163675,29.9163675,332,0.0901095406627
242,7,2,19.033128,22.033128,20.533128,360,0.0570364666667
243,7,2,29.566356,32.566356,31.066356,360,0.0862954333333
244,7,2,138.4486005,141.4486005,139.9486005,360,0.3887461125
245,7,2,142.1152305,145.1152305,143.6152305,360,0.398931195833
246,7,2,158.0484045,161.0484045,159.5484045,360,0.4431900125
247,8,0,5.766594,8.766594,7.266594,66,0.110099909091
248,8,1,62.3826945,65.3826945,63.8826945,147,0.434576153061
249,8,1,34.232976,37.232976,35.732976,147,0.243081469388
250,8,1,91.265739,94.265739,92.765739,147,0.63105944898
251,8,2,116.2154895,119.2154895,117.7154895,170,0.692444055882
252,8,2,141.0152415,144.0152415,142.5152415,170,0.83832495
253,8,2,69.1826265,72.1826265,70.6826265,170,0.415780155882
254,9,0,426.995715,429.995715,428.495715,437,0.980539393593
255,9,0,411.8458665,414.8458665,413.3458665,437,0.945871548055
256,9,0,46.0495245,49.0495245,47.5495245,437,0.108808980549
257,9,0,82.5824925,85.5824925,84.0824925,437,0.192408449657
258,9,0,136.065291,139.065291,137.565291,437,0.314794716247
259,9,1,196.5146865,199.5146865,198.0146865,360,0.550040795833
260,9,1,226.2477225,229.2477225,227.7477225,360,0.6326325625
261,9,1,114.065511,117.065511,115.565511,360,0.321015308333
262,9,1,135.131967,138.131967,136.631967,360,0.379533241667
263,9,2,315.7134945,318.7134945,317.2134945,460,0.689594553261
264,9,2,217.964472,220.964472,219.464472,460,0.477096678261
265,9,2,344.3132085,347.3132085,345.8132085,460,0.751767844565
266,9,2,308.296902,311.296902,309.796902,460,0.673471526087
267,9,2,287.83044,290.83044,289.33044,460,0.628979217391
268,9,2,90.465747,93.465747,91.965747,460,0.199925536957
269,9,2,323.8800795,326.8800795,325.3800795,460,0.707347998913
270,10,1,25.83306,28.83306,27.33306,224,0.122022589286
271,10,2,56.566086,59.566086,58.066086,550,0.105574701818
272,11,0,25.2497325,28.2497325,26.7497325,140,0.191069517857
273,11,0,82.0158315,85.0158315,83.5158315,140,0.596541653571
274,11,0,93.632382,96.632382,95.132382,140,0.679517014286
275,11,0,107.6155755,110.6155755,109.1155755,140,0.779396967857
276,11,0,14.299842,17.299842,15.799842,140,0.112856014286
277,11,0,47.2161795,50.2161795,48.7161795,140,0.347972710714
278,11,1,170.331615,173.331615,171.831615,225,0.763696066667
279,11,1,1.2833055,4.2833055,2.7833055,225,0.0123702466667
280,11,1,134.098644,137.098644,135.598644,225,0.60266064
281,11,1,48.599499,51.599499,50.099499,225,0.22266444
282,11,1,72.9492555,75.9492555,74.4492555,225,0.33088558
283,11,1,109.5155565,112.5155565,111.0155565,225,0.493402473333
284,11,1,36.4496205,39.4496205,37.9496205,225,0.16866498
285,11,2,12.733191,15.733191,14.233191,381,0.0373574566929
286,11,2,114.4155075,117.4155075,115.9155075,381,0.304240177165
287,11,2,309.6135555,312.6135555,311.1135555,381,0.816571011811
288,11,2,86.099124,89.099124,87.599124,381,0.22991896063
289,11,2,27.066381,30.066381,28.566381,381,0.0749773779528
290,12,0,136.3486215,139.3486215,137.8486215,416,0.331366878606
291,12,0,155.1151005,158.1151005,156.6151005,416,0.376478606971
292,12,0,219.4144575,222.4144575,220.9144575,416,0.53104436899
293,12,0,169.364958,172.364958,170.864958,416,0.410733072115
294,12,0,313.730181,316.730181,315.230181,416,0.757764858173
295,12,0,308.5135665,311.5135665,310.0135665,416,0.745224919471
296,12,0,224.4144075,227.4144075,225.9144075,416,0.543063479567
297,12,0,143.2818855,146.2818855,144.7818855,416,0.348033378606
298,12,0,324.9467355,327.9467355,326.4467355,416,0.784727729567
299,12,0,356.8130835,359.8130835,358.3130835,416,0.861329527644
300,12,0,120.6821115,123.6821115,122.1821115,416,0.293706998798
301,12,1,99.1156605,102.1156605,100.6156605,225,0.447180713333
302,12,1,62.432694,65.432694,63.932694,225,0.284145306667
303,12,1,188.9814285,191.9814285,190.4814285,225,0.846584126667
304,12,1,153.898446,156.898446,155.398446,225,0.69065976
305,12,1,148.8151635,151.8151635,150.3151635,225,0.668067393333
306,12,1,115.465497,118.465497,116.965497,225,0.519846653333
307,12,1,69.0159615,72.0159615,70.5159615,225,0.313404273333
308,12,1,142.3152285,145.3152285,143.8152285,225,0.639178793333
309,12,1,138.2486025,141.2486025,139.7486025,225,0.6211049
310,12,1,130.7486775,133.7486775,132.2486775,225,0.5877719
311,12,1,218.131137,221.131137,219.631137,225,0.976138386667
312,12,1,192.7480575,195.7480575,194.2480575,225,0.8633247
313,12,2,81.3158385,84.3158385,82.8158385,254,0.326046608268
314,12,2,56.7827505,59.7827505,58.2827505,254,0.229459647638
315,12,2,157.598409,160.598409,159.098409,254,0.626371688976
316,12,2,32.666325,35.666325,34.166325,254,0.134513090551
317,13,1,600.8773095,603.8773095,602.3773095,670,0.899070611194
318,13,1,548.761164,551.761164,550.261164,670,0.821285319403
319,13,1,536.7446175,539.7446175,538.2446175,670,0.803350175373
320,13,1,532.394661,535.394661,533.894661,670,0.796857702985
321,13,1,593.6773815,596.6773815,595.1773815,670,0.88832445
322,13,2,247.8808395,250.8808395,249.3808395,596,0.418424227349
323,14,0,70.065951,73.065951,71.565951,282,0.253779968085
324,14,1,262.1473635,265.1473635,263.6473635,392,0.672569804847
325,14,1,113.1488535,116.1488535,114.6488535,392,0.292471565051
326,14,1,273.4805835,276.4805835,274.9805835,392,0.701481080357
327,14,1,138.3486015,141.3486015,139.8486015,392,0.35675663648
328,14,1,80.4491805,83.4491805,81.9491805,392,0.209054031888
329,14,1,304.9136025,307.9136025,306.4136025,392,0.781667353316
330,14,1,257.430744,260.430744,258.930744,392,0.660537612245
331,14,2,108.7155645,111.7155645,110.2155645,323,0.341224657895
332,14,2,32.366328,35.366328,33.866328,323,0.104849312693
333,15,0,85.8157935,88.8157935,87.3157935,248,0.3520798125
334,15,0,217.3478115,220.3478115,218.8478115,248,0.882450852823
335,15,0,101.532303,104.532303,103.032303,248,0.415452834677
336,15,1,77.532543,80.532543,79.032543,191,0.413782947644
337,15,2,84.9491355,87.9491355,86.4491355,210,0.41166255
338,15,2,49.4828235,52.4828235,50.9828235,210,0.24277535
339,15,2,11.6498685,14.6498685,13.1498685,210,0.0626184214286
340,15,2,123.7820805,126.7820805,125.2820805,210,0.596581335714
341,15,2,55.899426,58.899426,57.399426,210,0.2733306
342,16,2,251.0141415,254.0141415,252.5141415,387,0.652491321705
343,16,2,257.4140775,260.4140775,258.9140775,387,0.669028624031
344,16,2,55.9494255,58.9494255,57.4494255,387,0.148448127907
345,16,2,221.7811005,224.7811005,223.2811005,387,0.576953748062
346,17,0,155.298432,158.298432,156.798432,229,0.684709310044
347,17,0,104.3822745,107.3822745,105.8822745,229,0.462368010917
348,17,0,50.999475,53.999475,52.499475,229,0.229255349345
349,17,1,130.232016,133.232016,131.732016,258,0.510589209302
350,17,1,98.1156705,101.1156705,99.6156705,258,0.38610725
351,17,1,192.6147255,195.6147255,194.1147255,258,0.752382656977
352,17,2,56.5494195,59.5494195,58.0494195,230,0.252388780435
353,17,2,68.2159695,71.2159695,69.7159695,230,0.30311291087
354,17,2,74.332575,77.332575,75.832575,230,0.329706847826
355,18,0,297.563676,300.563676,299.063676,471,0.634954726115
356,18,0,277.730541,280.730541,279.230541,471,0.592846159236
357,18,0,287.1471135,290.1471135,288.6471135,471,0.612838882166
358,18,0,272.2139295,275.2139295,273.7139295,471,0.58113360828
359,18,0,238.0142715,241.0142715,239.5142715,471,0.508522869427
360,18,0,226.131057,229.131057,227.631057,471,0.48329311465
361,18,0,329.030028,332.030028,330.530028,471,0.701762267516
362,18,0,210.264549,213.264549,211.764549,471,0.449606261146
363,18,1,210.6145455,213.6145455,212.1145455,307,0.690926858306
364,18,1,250.5474795,253.5474795,252.0474795,307,0.821001561889
365,18,1,161.7150345,164.7150345,163.2150345,307,0.531645063518
366,18,1,120.532113,123.532113,122.032113,307,0.397498739414
367,18,1,206.231256,209.231256,207.731256,307,0.676649042345
368,18,2,273.330585,276.330585,274.830585,472,0.582268188559
369,18,2,226.631052,229.631052,228.131052,472,0.4833285
370,18,2,89.9824185,92.9824185,91.4824185,472,0.193818683263
371,18,2,258.3140685,261.3140685,259.8140685,472,0.550453534958
372,18,2,221.964432,224.964432,223.464432,472,0.47344159322
373,18,2,251.8807995,254.8807995,253.3807995,472,0.536823727754
374,18,2,127.5153765,130.5153765,129.0153765,472,0.273337662076
375,18,2,78.5491995,81.5491995,80.0491995,472,0.169595761653
376,18,2,239.630922,242.630922,241.130922,472,0.510870597458
377,18,2,189.9147525,192.9147525,191.4147525,472,0.405539729873
378,18,2,161.398371,164.398371,162.898371,472,0.345123667373
379,18,2,119.465457,122.465457,120.965457,472,0.256282747881
380,18,2,98.5156665,101.5156665,100.0156665,472,0.211897598517
381,18,2,300.1469835,303.1469835,301.6469835,472,0.639082592161
382,18,2,175.031568,178.031568,176.531568,472,0.374007559322
383,18,2,232.0143315,235.0143315,233.5143315,472,0.494733753178
384,18,2,263.630682,266.630682,265.130682,472,0.56171754661
385,18,2,150.331815,153.331815,151.831815,472,0.321677574153
386,19,0,157.1150805,160.1150805,158.6150805,263,0.603099165399
387,19,0,44.932869,47.932869,46.432869,263,0.1765508327
388,19,1,191.9480655,194.9480655,193.4480655,380,0.509073856579
389,19,1,84.6158055,87.6158055,86.1158055,380,0.226620540789
390,19,1,141.8485665,144.8485665,143.3485665,380,0.377233069737
391,19,1,38.699598,41.699598,40.199598,380,0.105788415789
392,19,1,243.430884,246.430884,244.930884,380,0.644554957895
393,19,1,321.463437,324.463437,322.963437,380,0.849903781579
394,19,2,56.3160885,59.3160885,57.8160885,378,0.152952615079
395,19,2,210.631212,213.631212,212.131212,378,0.56119368254
396,19,2,162.5816925,165.5816925,164.0816925,378,0.434078551587
397,19,2,27.799707,30.799707,29.299707,378,0.077512452381
398,20,0,88.8157635,91.8157635,90.3157635,187,0.482971997326
399,20,0,67.599309,70.599309,69.099309,187,0.36951502139
400,20,0,100.898976,103.898976,102.398976,187,0.547588106952
401,20,0,145.3818645,148.3818645,146.8818645,187,0.785464516043
402,20,0,46.466187,49.466187,47.966187,187,0.256503673797
403,20,1,423.9457455,426.9457455,425.4457455,555,0.766568910811
404,20,1,42.7828905,45.7828905,44.2828905,555,0.0797889918919
405,20,1,364.0463445,367.0463445,365.5463445,555,0.658642062162
406,20,1,492.661725,495.661725,494.161725,555,0.890381486486
407,20,1,312.296862,315.296862,313.796862,555,0.565399751351
408,20,1,75.7158945,78.7158945,77.2158945,555,0.139127737838
409,20,1,451.395471,454.395471,452.895471,555,0.816027875676
410,20,1,14.6165055,17.6165055,16.1165055,555,0.0290387486486
411,20,1,165.198333,168.198333,166.698333,555,0.300357356757
412,20,1,60.932709,63.932709,62.432709,555,0.112491367568
413,20,1,239.764254,242.764254,241.264254,555,0.434710367568
414,20,1,284.83047,287.83047,286.33047,555,0.515910756757
415,20,1,330.296682,333.296682,331.796682,555,0.597831859459
416,20,1,22.5497595,25.5497595,24.0497595,555,0.0433329
417,20,1,348.3798345,351.3798345,349.8798345,555,0.630414116216
418,20,1,534.1113105,537.1113105,535.6113105,555,0.965065424324
419,20,1,30.7496775,33.7496775,32.2496775,555,0.058107527027
420,20,1,499.3449915,502.3449915,500.8449915,555,0.902423408108
421,20,1,342.8465565,345.8465565,344.3465565,555,0.620444245946
422,20,1,385.9794585,388.9794585,387.4794585,555,0.698161186486
423,20,1,201.4813035,204.4813035,202.9813035,555,0.365732078378
424,20,1,133.6819815,136.6819815,135.1819815,555,0.243571137838
425,20,1,89.5157565,92.5157565,91.0157565,555,0.163992354054
426,20,1,521.594769,524.594769,523.094769,555,0.942513097297
427,20,1,119.6154555,122.6154555,121.1154555,555,0.218226045946
428,20,1,3.099954,6.099954,4.599954,555,0.00828820540541
429,20,1,224.7477375,227.7477375,226.2477375,555,0.407653581081
430,20,2,142.6818915,145.6818915,144.1818915,229,0.629615246725
431,20,2,216.864483,219.864483,218.364483,229,0.953556694323
432,20,2,149.5818225,152.5818225,151.0818225,229,0.659745949782
433,20,2,56.399421,59.399421,57.899421,229,0.252835899563
434,20,2,84.432474,87.432474,85.932474,229,0.375250978166
435,20,2,202.9812885,205.9812885,204.4812885,229,0.89293139083
436,20,2,182.964822,185.964822,184.464822,229,0.805523240175
437,20,2,27.199713,30.199713,28.699713,229,0.125326257642
438,20,2,38.666265,41.666265,40.166265,229,0.175398537118
439,21,0,163.5816825,166.5816825,165.0816825,367,0.449813848774
440,21,0,299.9469855,302.9469855,301.4469855,367,0.82138143188
441,21,0,334.729971,337.729971,336.229971,367,0.916157959128
442,21,0,171.6149355,174.6149355,173.1149355,367,0.471702821526
443,21,0,267.2139795,270.2139795,268.7139795,367,0.732190679837
444,21,0,140.6485785,143.6485785,142.1485785,367,0.387325826975
445,21,0,110.032218,113.032218,111.532218,367,0.303902501362
446,21,0,275.6472285,278.6472285,277.1472285,367,0.755169559946
447,21,0,33.899646,36.899646,35.399646,367,0.0964568010899
448,21,0,223.997745,226.997745,225.497745,367,0.61443527248
449,21,0,248.16417,251.16417,249.66417,367,0.680283841962
450,21,0,95.965692,98.965692,97.465692,367,0.265574092643
451,21,0,191.931399,194.931399,193.431399,367,0.527061032698
452,21,0,54.4827735,57.4827735,55.9827735,367,0.152541617166
453,21,1,110.83221,113.83221,112.33221,288,0.390042395833
454,21,1,226.9143825,229.9143825,228.4143825,288,0.793105494792
455,21,1,140.031918,143.031918,141.531918,288,0.491430270833
456,21,1,12.9165225,15.9165225,14.4165225,288,0.0500573697917
457,21,1,246.930849,249.930849,248.430849,288,0.862607114583
458,21,1,58.7827305,61.7827305,60.2827305,288,0.209315036458
459,21,1,0.9833085,3.9833085,2.4833085,288,0.00862259895833
460,21,1,44.49954,47.49954,45.99954,288,0.159720625
461,21,1,258.7807305,261.7807305,260.2807305,288,0.903752536458
462,21,1,148.7818305,151.7818305,150.2818305,288,0.521811911458
463,21,1,275.3472315,278.3472315,276.8472315,288,0.961275109375
464,21,1,207.0479145,210.0479145,208.5479145,288,0.724124703125
465,21,1,171.0816075,174.0816075,172.5816075,288,0.599241692708
466,21,2,200.0146515,203.0146515,201.5146515,361,0.558212331025
467,21,2,318.1801365,321.1801365,319.6801365,361,0.885540544321
468,21,2,284.230476,287.230476,285.730476,361,0.791497163435
469,21,2,46.066191,49.066191,47.566191,361,0.131762301939
470,21,2,257.83074,260.83074,259.33074,361,0.718367700831
471,21,2,183.198153,186.198153,184.698153,361,0.511629232687
472,21,2,40.4162475,43.4162475,41.9162475,361,0.11611148892
473,21,2,168.231636,171.231636,169.731636,361,0.470170736842
474,21,2,18.1164705,21.1164705,19.6164705,361,0.0543392534626
475,21,2,235.4809635,238.4809635,236.9809635,361,0.656456962604
476,21,2,89.0157615,92.0157615,90.5157615,361,0.25073618144
477,22,1,298.497,301.497,299.997,490,0.61223877551
478,22,1,263.130687,266.130687,264.630687,490,0.540062626531
479,22,1,238.9809285,241.9809285,240.4809285,490,0.490777405102
480,22,1,348.529833,351.529833,350.029833,490,0.714346597959
481,22,1,412.4458605,415.4458605,413.9458605,490,0.844787470408
482,22,1,304.363608,307.363608,305.863608,490,0.624211444898
483,22,1,182.0814975,185.0814975,183.5814975,490,0.374656117347
484,22,1,425.095734,428.095734,426.595734,490,0.870603538776
485,22,1,180.0148515,183.0148515,181.5148515,490,0.370438472449
486,22,1,72.8825895,75.8825895,74.3825895,490,0.151801203061
487,22,1,362.6463585,365.6463585,364.1463585,490,0.743155833673
488,22,1,309.0802275,312.0802275,310.5802275,490,0.63383719898
489,22,1,357.2130795,360.2130795,358.7130795,490,0.732067509184
490,22,1,397.2126795,400.2126795,398.7126795,490,0.813699345918
491,22,1,166.798317,169.798317,168.298317,490,0.343465953061
492,22,1,300.663645,303.663645,302.163645,490,0.6166605
493,22,1,176.7815505,179.7815505,178.2815505,490,0.36383989898
494,22,1,387.862773,390.862773,389.362773,490,0.794617904082
495,22,1,276.263889,279.263889,277.763889,490,0.566865079592
496,22,1,325.6133955,328.6133955,327.1133955,490,0.667578358163
497,22,1,280.063851,283.063851,281.563851,490,0.574620104082
498,22,1,366.1463235,369.1463235,367.6463235,490,0.750298619388
499,22,1,89.932419,92.932419,91.432419,490,0.186596773469
500,22,1,173.9815785,176.9815785,175.4815785,490,0.358125670408
501,22,1,318.063471,321.063471,319.563471,490,0.65217034898
502,22,1,203.0146215,206.0146215,204.5146215,490,0.417376778571
503,22,2,210.897876,213.897876,212.397876,357,0.594952033613
504,22,2,143.2818855,146.2818855,144.7818855,357,0.4055515
505,22,2,194.031378,197.031378,195.531378,357,0.547706941176
506,22,2,75.6158955,78.6158955,77.1158955,357,0.216010911765
507,22,2,72.732591,75.732591,74.232591,357,0.207934428571
508,22,2,174.431574,177.431574,175.931574,357,0.492805529412
509,22,2,101.665635,104.665635,103.165635,357,0.288979369748
510,22,2,88.7490975,91.7490975,90.2490975,357,0.252798592437
511,22,2,161.9483655,164.9483655,163.4483655,357,0.457838558824
512,22,2,264.764004,267.764004,266.264004,357,0.745837546218
513,22,2,31.033008,34.033008,32.533008,357,0.0911288739496
514,22,2,239.9475855,242.9475855,241.4475855,357,0.676323768908
515,22,2,67.732641,70.732641,69.232641,357,0.193928966387
516,22,2,191.8480665,194.8480665,193.3480665,357,0.541591222689
517,22,2,204.531273,207.531273,206.031273,357,0.577118411765
518,22,2,115.5488295,118.5488295,117.0488295,357,0.327867869748
519,22,2,170.064951,173.064951,171.564951,357,0.480574092437
520,22,2,164.6150055,167.6150055,166.1150055,357,0.465308138655
521,22,2,55.49943,58.49943,56.99943,357,0.159662268908
522,22,2,19.7497875,22.7497875,21.2497875,357,0.0595232142857
523,22,2,243.964212,246.964212,245.464212,357,0.687574823529
524,22,2,322.863423,325.863423,324.363423,357,0.908581016807
525,22,2,251.8807995,254.8807995,253.3807995,357,0.709750138655
526,22,2,185.9481255,188.9481255,187.4481255,357,0.525064777311
527,22,2,93.299052,96.299052,94.799052,357,0.265543563025
528,22,2,257.930739,260.930739,259.430739,357,0.726696747899
529,22,2,38.432934,41.432934,39.932934,357,0.111856957983
530,22,2,120.298782,123.298782,121.798782,357,0.341173058824
531,22,2,46.7495175,49.7495175,48.2495175,357,0.135152710084
532,22,2,197.298012,200.298012,198.798012,357,0.556857176471
533,22,2,147.531843,150.531843,149.031843,357,0.417456142857
534,22,2,28.366368,31.366368,29.866368,357,0.0836592941176
535,22,2,261.130707,264.130707,262.630707,357,0.735660243697
536,22,2,23.299752,26.299752,24.799752,357,0.069467092437
537,22,2,277.9805385,280.9805385,279.4805385,357,0.782858651261
538,22,2,44.2162095,47.2162095,45.7162095,357,0.128056609244
539,22,2,124.398741,127.398741,125.898741,357,0.352657537815
540,23,0,188.3481015,191.3481015,189.8481015,592,0.320689360642
541,23,0,164.7483375,167.7483375,166.2483375,592,0.280824894426
542,23,0,140.365248,143.365248,141.865248,592,0.239637243243
543,23,1,322.1134305,325.1134305,323.6134305,524,0.617582882634
544,23,1,156.9484155,159.9484155,158.4484155,524,0.302382472328
545,23,1,483.361818,486.361818,484.861818,524,0.925308812977
546,23,1,99.932319,102.932319,101.432319,524,0.193573127863
547,23,1,345.4798635,348.4798635,346.9798635,524,0.662175312023
548,23,1,178.2148695,181.2148695,179.7148695,524,0.342967308206
549,23,1,399.629322,402.629322,401.129322,524,0.765513973282
550,23,1,48.4161675,51.4161675,49.9161675,524,0.0952598616412
551,23,1,116.2488225,119.2488225,117.7488225,524,0.224711493321
552,23,1,421.462437,424.462437,422.962437,524,0.807180223282
553,23,1,32.632992,35.632992,34.132992,524,0.0651392977099
554,23,1,447.0788475,450.0788475,448.5788475,524,0.856066502863
555,23,2,86.6491185,89.6491185,88.1491185,238,0.370374447479
556,23,2,143.865213,146.865213,145.365213,238,0.610778205882
557,23,2,165.8149935,168.8149935,167.3149935,238,0.70300417437
558,23,2,201.6813015,204.6813015,203.1813015,238,0.853702947479
559,23,2,104.1489435,107.1489435,105.6489435,238,0.44390312395
560,23,2,191.931399,194.931399,193.431399,238,0.812736970588
561,23,2,74.1492435,77.1492435,75.6492435,238,0.317853964286
562,24,0,119.1487935,122.1487935,120.6487935,223,0.541025979821
563,24,0,66.432654,69.432654,67.932654,223,0.304630735426
564,24,1,73.4492505,76.4492505,74.9492505,291,0.257557561856
565,24,1,135.4486305,138.4486305,136.9486305,291,0.470613850515
566,24,2,13.0498545,16.0498545,14.5498545,241,0.060372840249
567,25,1,46.8828495,49.8828495,48.3828495,272,0.177878123162
568,25,2,120.6487785,123.6487785,122.1487785,289,0.422660133218
569,26,0,205.031268,208.031268,206.531268,268,0.770639059701
570,26,0,209.83122,212.83122,211.33122,268,0.788549328358
571,26,0,234.797637,237.797637,236.297637,268,0.881707600746
572,26,0,186.6481185,189.6481185,188.1481185,268,0.702045218284
573,26,0,215.6811615,218.6811615,217.1811615,268,0.810377468284
574,26,0,190.8480765,193.8480765,192.3480765,268,0.717716703358
575,26,0,142.265229,145.265229,143.765229,268,0.536437421642
576,26,0,92.4490605,95.4490605,93.9490605,268,0.350556195896
577,26,0,25.3497315,28.3497315,26.8497315,268,0.100185565299
578,26,0,225.8810595,228.8810595,227.3810595,268,0.848436789179
579,26,0,42.2162295,45.2162295,43.7162295,268,0.163120259328
580,26,0,34.666305,37.666305,36.166305,268,0.134948899254
581,26,0,198.1480035,201.1480035,199.6480035,268,0.74495523694
582,26,0,245.2475325,248.2475325,246.7475325,268,0.920699748134
583,26,0,95.032368,98.032368,96.532368,268,0.360195402985
584,26,1,242.5808925,245.5808925,244.0808925,270,0.904003305556
585,26,1,185.4481305,188.4481305,186.9481305,270,0.692400483333
586,26,1,230.6143455,233.6143455,232.1143455,270,0.859682761111
587,26,1,212.0478645,215.0478645,213.5478645,270,0.790918016667
588,26,1,258.4974,261.4974,259.9974,270,0.962953333333
589,26,1,100.965642,103.965642,102.465642,270,0.379502377778
590,26,1,180.131517,183.131517,181.631517,270,0.672709322222
591,26,1,162.8816895,165.8816895,164.3816895,270,0.608821072222
592,26,1,42.732891,45.732891,44.232891,270,0.163825522222
593,26,1,166.5483195,169.5483195,168.0483195,270,0.622401183333
594,26,1,222.8144235,225.8144235,224.3144235,270,0.830794161111
595,26,1,217.797807,220.797807,219.297807,270,0.8122141
596,26,1,207.0145815,210.0145815,208.5145815,270,0.772276227778
597,26,1,8.1832365,11.1832365,9.6832365,270,0.0358638388889
598,26,1,119.332125,122.332125,120.832125,270,0.447526388889
599,26,1,197.331345,200.331345,198.831345,270,0.736412388889
600,26,2,38.8829295,41.8829295,40.3829295,227,0.177898367841
601,26,2,128.132037,131.132037,129.632037,227,0.571066242291
602,26,2,9.566556,12.566556,11.066556,227,0.0487513480176
603,26,2,159.598389,162.598389,161.098389,227,0.70968453304
604,26,2,185.331465,188.331465,186.831465,227,0.823046101322
605,26,2,213.997845,216.997845,215.497845,227,0.949329713656
606,26,2,77.732541,80.732541,79.232541,227,0.349042030837
607,26,2,115.49883,118.49883,116.99883,227,0.515413348018
608,27,2,202.431294,205.431294,203.931294,317,0.643316384858
609,28,0,1.899966,4.899966,3.399966,204,0.0166665
610,28,0,7.3499115,10.3499115,8.8499115,204,0.0433819191176
611,28,0,87.565776,90.565776,89.065776,204,0.436596941176
612,28,0,18.199803,21.199803,19.699803,204,0.0965676617647
613,28,0,124.2154095,127.2154095,125.7154095,204,0.616252007353
614,28,1,412.762524,415.762524,414.262524,430,0.963401218605
615,28,1,13.466517,16.466517,14.966517,430,0.0348058534884
616,28,1,255.464097,258.464097,256.964097,430,0.597590923256
617,28,1,63.3160185,66.3160185,64.8160185,430,0.150734926744
618,28,1,139.7485875,142.7485875,141.2485875,430,0.328485087209
619,28,2,82.83249,85.83249,84.33249,290,0.290801689655
620,28,2,262.8140235,265.8140235,264.3140235,290,0.911427667241
621,28,2,72.199263,75.199263,73.699263,290,0.254135389655
622,28,2,234.8809695,237.8809695,236.3809695,290,0.815106791379
623,28,2,107.8155735,110.8155735,109.3155735,290,0.376950253448
624,28,2,183.9481455,186.9481455,185.4481455,290,0.639476363793
625,29,0,75.9825585,78.9825585,77.4825585,278,0.278714239209
626,29,0,127.098714,130.098714,128.598714,278,0.462585302158
627,29,1,100.3823145,103.3823145,101.8823145,458,0.222450468341
628,29,1,261.6473685,264.6473685,263.1473685,458,0.574557573144
629,29,1,143.3485515,146.3485515,144.8485515,458,0.316263212882
630,29,1,118.9154625,121.9154625,120.4154625,458,0.262915856987
631,29,2,316.263489,319.263489,317.763489,361,0.880231271468
632,29,2,172.5149265,175.5149265,174.0149265,361,0.482035807479
633,29,2,129.865353,132.865353,131.365353,361,0.363892944598
634,29,2,250.7141445,253.7141445,252.2141445,361,0.698654139889
635,29,2,37.7496075,40.7496075,39.2496075,361,0.108724674515
636,29,2,165.664995,168.664995,167.164995,361,0.463060927978
637,29,2,332.663325,335.663325,334.163325,361,0.925660180055
638,29,2,206.731251,209.731251,208.231251,361,0.576817869806
639,29,2,123.865413,126.865413,125.365413,361,0.347272612188
640,29,2,81.16584,84.16584,82.66584,361,0.228991246537
641,29,2,256.7140845,259.7140845,258.2140845,361,0.715274472299
642,29,2,33.799647,36.799647,35.299647,361,0.0977829556787
643,29,2,86.6157855,89.6157855,88.1157855,361,0.244088048476
644,29,2,44.2495425,47.2495425,45.7495425,361,0.126730034626
645,30,0,85.1658,88.1658,86.6658,272,0.318624264706
646,30,0,228.364368,231.364368,229.864368,272,0.845089588235
647,30,0,195.8146935,198.8146935,197.3146935,272,0.725421667279
648,30,0,142.16523,145.16523,143.66523,272,0.528180992647
649,30,0,5.433264,8.433264,6.933264,272,0.0254899411765
650,30,0,119.565456,122.565456,121.065456,272,0.445093588235
651,30,0,194.431374,197.431374,195.931374,272,0.720335933824
652,30,0,181.598169,184.598169,183.098169,272,0.673155033088
653,30,0,46.199523,49.199523,47.699523,272,0.175365893382
654,30,1,47.966172,50.966172,49.466172,359,0.137788779944
655,30,1,67.9826385,70.9826385,69.4826385,359,0.193544954039
656,30,1,199.2479925,202.2479925,200.7479925,359,0.559186608635
657,30,1,109.8822195,112.8822195,111.3822195,359,0.31025687883
658,30,1,156.031758,159.031758,157.531758,359,0.438807125348
659,30,1,97.5490095,100.5490095,99.0490095,359,0.275902533426
660,30,1,224.1144105,227.1144105,225.6144105,359,0.628452396936
661,30,2,154.7817705,157.7817705,156.2817705,204,0.766087110294
662,30,2,50.16615,53.16615,51.66615,204,0.253265441176
663,30,2,3.1499535,6.1499535,4.6499535,204,0.0227938897059
664,30,2,178.998195,181.998195,180.498195,204,0.884795073529
665,30,2,62.83269,65.83269,64.33269,204,0.315356323529
666,30,2,97.865673,100.865673,99.365673,204,0.487086632353
667,30,2,35.332965,38.332965,36.832965,204,0.18055375
668,30,2,111.6822015,114.6822015,113.1822015,204,0.554814713235
669,31,0,182.49816,185.49816,183.99816,199,0.924613869347
670,31,0,19.7164545,22.7164545,21.2164545,199,0.106615349246
671,31,0,7.599909,10.599909,9.099909,199,0.0457281859296
672,31,0,66.865983,69.865983,68.365983,199,0.343547653266
673,31,1,249.364158,252.364158,250.864158,258,0.972341697674
674,31,1,54.6161055,57.6161055,56.1161055,258,0.217504284884
675,31,1,16.0831575,19.0831575,17.5831575,258,0.0681517732558
676,31,1,5.866593,8.866593,7.366593,258,0.0285526860465
677,31,1,114.9155025,117.9155025,116.4155025,258,0.451222877907
678,31,2,39.966252,42.966252,41.466252,145,0.285974151724
679,31,2,117.998805,120.998805,119.498805,145,0.824129689655
680,31,2,9.4498905,12.4498905,10.9498905,145,0.0755164862069
681,31,2,22.199763,25.199763,23.699763,145,0.163446641379
682,32,0,108.0822375,111.0822375,109.5822375,298,0.367725629195
683,32,0,140.83191,143.83191,142.33191,298,0.47762385906
684,32,0,58.8493965,61.8493965,60.3493965,298,0.202514753356
685,32,0,102.6822915,105.6822915,104.1822915,298,0.349605005034
686,32,0,171.1482735,174.1482735,172.6482735,298,0.579356622483
687,32,1,252.064131,255.064131,253.564131,364,0.696604755495
688,32,1,289.7804205,292.7804205,291.2804205,364,0.80022093544
689,32,1,324.5800725,327.5800725,326.0800725,364,0.895824375
690,32,1,327.263379,330.263379,328.763379,364,0.903196096154
691,32,1,318.2134695,321.2134695,319.7134695,364,0.878333707418
692,32,1,358.029738,361.029738,359.529738,364,0.98771906044
693,32,1,286.5137865,289.5137865,288.0137865,364,0.791246666209
694,32,1,283.7471475,286.7471475,285.2471475,364,0.783646009615
695,32,1,242.7142245,245.7142245,244.2142245,364,0.670918199176
696,32,1,300.330315,303.330315,301.830315,364,0.829204162088
697,32,1,355.229766,358.229766,356.729766,364,0.98002682967
698,32,1,255.2474325,258.2474325,256.7474325,364,0.705350089286
699,32,1,138.5152665,141.5152665,140.0152665,364,0.384657325549
700,32,1,143.9818785,146.9818785,145.4818785,364,0.399675490385
701,32,1,155.3484315,158.3484315,156.8484315,364,0.430902284341
702,32,1,135.0153015,138.0153015,136.5153015,364,0.375042037088
703,32,1,269.197293,272.197293,270.697293,364,0.743673881868
704,32,1,124.998735,127.998735,126.498735,364,0.347523997253
705,32,1,320.730111,323.730111,322.230111,364,0.885247557692
706,32,1,333.929979,336.929979,335.429979,364,0.921510931319
707,32,2,211.2478725,214.2478725,212.7478725,432,0.492471927083
708,32,2,50.666145,53.666145,52.166145,432,0.120754965278
709,32,2,161.931699,164.931699,163.431699,432,0.378314118056
710,32,2,23.399751,26.399751,24.899751,432,0.0576383125
711,32,2,32.866323,35.866323,34.366323,432,0.0795516736111
712,32,2,121.9154325,124.9154325,123.4154325,432,0.285683871528
713,32,2,76.232556,79.232556,77.732556,432,0.179936472222
714,32,2,57.2160795,60.2160795,58.7160795,432,0.135916850694
715,32,2,200.7146445,203.7146445,202.2146445,432,0.468089454861
716,32,2,71.532603,74.532603,73.032603,432,0.169056951389
717,32,2,43.132887,46.132887,44.632887,432,0.103316868056
718,32,2,186.4814535,189.4814535,187.9814535,432,0.435142253472
719,32,2,68.765964,71.765964,70.265964,432,0.162652694444
720,32,2,262.797357,265.797357,264.297357,432,0.6117994375
721,32,2,53.966112,56.966112,55.466112,432,0.128393777778
722,32,2,81.899166,84.899166,83.399166,432,0.193053625
723,32,2,91.6157355,94.6157355,93.1157355,432,0.215545684028
724,32,2,48.799497,51.799497,50.299497,432,0.116434020833
725,32,2,36.366288,39.366288,37.866288,432,0.0876534444444
726,32,2,165.731661,168.731661,167.231661,432,0.387110326389
727,32,2,19.0164615,22.0164615,20.5164615,432,0.0474918090278
728,32,2,27.0830475,30.0830475,28.5830475,432,0.0661644618056
729,32,2,46.6495185,49.6495185,48.1495185,432,0.11145721875
730,32,2,280.530513,283.530513,282.030513,432,0.652848409722
731,32,2,99.065661,102.065661,100.565661,432,0.232790881944
732,33,0,108.0489045,111.0489045,109.5489045,225,0.48688402
733,33,0,9.6832215,12.6832215,11.1832215,225,0.0497032066667
734,33,0,62.2826955,65.2826955,63.7826955,225,0.283478646667
735,33,0,77.599209,80.599209,79.099209,225,0.35155204
736,33,0,213.5145165,216.5145165,215.0145165,225,0.955620073333
737,33,1,6.3165885,9.3165885,7.8165885,293,0.0266777764505
738,33,1,114.998835,117.998835,116.498835,293,0.397606945392
739,33,1,98.698998,101.698998,100.198998,293,0.341976102389
740,33,1,218.597799,221.597799,220.097799,293,0.751187027304
741,33,2,37.0496145,40.0496145,38.5496145,170,0.226762438235
742,33,2,18.4164675,21.4164675,19.9164675,170,0.117155691176
743,33,2,12.3498615,15.3498615,13.8498615,170,0.0814697735294
744,33,2,87.3157785,90.3157785,88.8157785,170,0.522445755882
745,34,0,409.8125535,412.8125535,411.3125535,465,0.884543125806
746,34,0,382.296162,385.296162,383.796162,465,0.825368090323
747,34,0,434.5456395,437.5456395,436.0456395,465,0.937732558065
748,34,0,184.2814755,187.2814755,185.7814755,465,0.399530054839
749,34,0,165.4816635,168.4816635,166.9816635,465,0.359100351613
750,34,0,297.030348,300.030348,298.530348,465,0.642000748387
751,34,1,64.699338,67.699338,66.199338,220,0.300906081818
752,34,1,2.799957,5.799957,4.299957,220,0.0195452590909
753,34,1,130.0820175,133.0820175,131.5820175,220,0.598100079545
754,34,2,14.366508,17.366508,15.866508,229,0.0692860611354
755,34,2,221.797767,224.797767,223.297767,229,0.975099419214
756,35,0,93.6157155,96.6157155,95.1157155,189,0.503257753968
757,35,0,3.8832795,6.8832795,5.3832795,189,0.0284829603175
758,35,0,181.764834,184.764834,183.264834,189,0.969655206349
759,35,0,21.733101,24.733101,23.233101,189,0.122926460317
760,35,0,97.4156775,100.4156775,98.9156775,189,0.523363373016
761,35,0,11.399871,14.399871,12.899871,189,0.0682532857143
762,35,0,56.49942,59.49942,57.99942,189,0.306875238095
763,35,0,155.065101,158.065101,156.565101,189,0.828386777778
764,35,0,106.932249,109.932249,108.432249,189,0.573715603175
765,35,0,150.065151,153.065151,151.565151,189,0.801932015873
766,35,0,160.365048,163.365048,161.865048,189,0.856428825397
767,35,0,43.999545,46.999545,45.499545,189,0.240738333333
768,35,0,102.5489595,105.5489595,104.0489595,189,0.550523595238
769,35,0,137.3152785,140.3152785,138.8152785,189,0.734472373016
770,35,0,114.765504,117.765504,116.265504,189,0.615161396825
771,35,0,36.2829555,39.2829555,37.7829555,189,0.19990981746
772,35,0,167.631642,170.631642,169.131642,189,0.894876412698
773,35,1,8.899896,11.899896,10.399896,163,0.0638030429448
774,35,1,1.7166345,4.7166345,3.2166345,163,0.0197339539877
775,35,1,157.331745,160.331745,158.831745,163,0.974427883436
776,35,1,86.3157885,89.3157885,87.8157885,163,0.538747168712
777,35,1,59.0160615,62.0160615,60.5160615,163,0.371264180982
778,35,1,121.4821035,124.4821035,122.9821035,163,0.754491432515
779,35,1,22.866423,25.866423,24.366423,163,0.149487257669
780,35,1,44.16621,47.16621,45.66621,163,0.280160797546
781,35,1,50.2494825,53.2494825,51.7494825,163,0.31748148773
782,35,1,66.265989,69.265989,67.765989,163,0.415742263804
783,35,1,138.6485985,141.6485985,140.1485985,163,0.859807352761
784,35,1,15.4831635,18.4831635,16.9831635,163,0.104191187117
785,35,1,127.6153755,130.6153755,129.1153755,163,0.792118868098
786,35,2,166.16499,169.16499,167.66499,214,0.783481261682
787,35,2,111.6155355,114.6155355,113.1155355,214,0.528577268692
788,35,2,129.9820185,132.9820185,131.4820185,214,0.614401955607
789,35,2,2.899956,5.899956,4.399956,214,0.0205605420561
790,35,2,107.032248,110.032248,108.532248,214,0.507160037383
791,35,2,16.6498185,19.6498185,18.1498185,214,0.0848122359813
792,35,2,102.2489625,105.2489625,103.7489625,214,0.484808235981
793,35,2,135.331965,138.331965,136.831965,214,0.639401705607
794,35,2,150.7818105,153.7818105,152.2818105,214,0.711597245327
795,35,2,80.865843,83.865843,82.365843,214,0.384887116822
796,35,2,61.8160335,64.8160335,63.3160335,214,0.295869315421
797,35,2,70.16595,73.16595,71.66595,214,0.334887616822
798,35,2,93.1157205,96.1157205,94.6157205,214,0.442129535047
799,35,2,32.866323,35.866323,34.366323,214,0.160590294393
800,35,2,123.1820865,126.1820865,124.6820865,214,0.58262657243
801,35,2,57.49941,60.49941,58.99941,214,0.27569817757
802,35,2,117.9154725,120.9154725,119.4154725,214,0.558016226636
803,35,2,21.233106,24.233106,22.733106,214,0.10622946729
804,36,0,92.0823975,95.0823975,93.5823975,162,0.57766912037
805,36,0,127.4487105,130.4487105,128.9487105,162,0.795979694444
806,36,0,97.7823405,100.7823405,99.2823405,162,0.612853953704
807,36,0,37.7162745,40.7162745,39.2162745,162,0.242075768519
808,36,1,34.432974,37.432974,35.932974,277,0.129721927798
809,36,1,263.464017,266.464017,264.964017,277,0.956548797834
810,36,1,85.465797,88.465797,86.965797,277,0.313955945848
811,36,1,98.565666,101.565666,100.065666,277,0.361247891697
812,36,1,162.565026,165.565026,164.065026,277,0.592292512635
813,36,1,252.564126,255.564126,254.064126,277,0.91719901083
814,36,1,164.798337,167.798337,166.298337,277,0.60035500722
815,36,1,213.2145195,216.2145195,214.7145195,277,0.775142669675
816,36,1,234.2143095,237.2143095,235.7143095,277,0.850954185921
817,36,1,245.3141985,248.3141985,246.8141985,277,0.891025987365
818,36,1,208.631232,211.631232,210.131232,277,0.758596505415
819,36,1,90.365748,93.365748,91.865748,277,0.331645299639
820,36,1,229.897686,232.897686,231.397686,277,0.835370707581
821,36,1,270.4472805,273.4472805,271.9472805,277,0.981759135379
822,36,1,229.097694,232.097694,230.597694,277,0.832482649819
823,36,1,168.0483045,171.0483045,169.5483045,277,0.612087741877
824,36,1,236.897616,239.897616,238.397616,277,0.860641212996
825,36,1,130.49868,133.49868,131.99868,277,0.476529530686
826,36,1,156.998415,159.998415,158.498415,277,0.572196444043
827,36,1,40.3495815,43.3495815,41.8495815,277,0.151081521661
828,36,1,222.7810905,225.7810905,224.2810905,277,0.809679027076
829,36,2,23.8164135,26.8164135,25.3164135,279,0.0907398333333
830,36,2,194.264709,197.264709,195.764709,279,0.701665623656
831,36,2,218.2144695,221.2144695,219.7144695,279,0.78750705914
832,36,2,91.5490695,94.5490695,93.0490695,279,0.333509209677
833,36,2,52.1827965,55.1827965,53.6827965,279,0.192411456989
834,36,2,206.231256,209.231256,207.731256,279,0.744556473118
835,36,2,220.131117,223.131117,221.631117,279,0.794376763441
836,36,2,109.665555,112.665555,111.165555,279,0.398442849462
837,36,2,81.7158345,84.7158345,83.2158345,279,0.298264639785
838,36,2,66.532653,69.532653,68.032653,279,0.243844634409
839,36,2,203.7479475,206.7479475,205.2479475,279,0.735655725806
840,37,0,236.1476235,239.1476235,237.6476235,295,0.805585164407
841,37,1,11.199873,14.199873,12.699873,299,0.0424744916388
842,37,1,152.798457,155.798457,154.298457,299,0.516048351171
843,37,1,147.365178,150.365178,148.865178,299,0.497876849498
844,37,1,60.899376,63.899376,62.399376,299,0.208693565217
845,37,1,123.432084,126.432084,124.932084,299,0.417833056856
846,37,1,269.697288,272.697288,271.197288,299,0.907014341137
847,37,1,196.5813525,199.5813525,198.0813525,299,0.662479439799
848,37,1,149.965152,152.965152,151.465152,299,0.506572414716
849,37,1,93.6157155,96.6157155,95.1157155,299,0.31811276087
850,37,1,177.83154,180.83154,179.33154,299,0.599771036789
851,37,1,88.799097,91.799097,90.299097,299,0.302003668896
852,37,1,272.3805945,275.3805945,273.8805945,299,0.915988610368
853,37,1,77.5158765,80.5158765,79.0158765,299,0.264267145485
854,37,1,210.8145435,213.8145435,212.3145435,299,0.710082085284
855,37,1,34.466307,37.466307,35.966307,299,0.120288652174
856,37,2,1.8333,4.8333,3.3333,296,0.0112611486486
857,37,2,131.7153345,134.7153345,133.2153345,296,0.450051805743
858,37,2,36.2496225,39.2496225,37.7496225,296,0.127532508446
859,37,2,123.232086,126.232086,124.732086,296,0.421392182432
860,37,2,57.2494125,60.2494125,58.7494125,296,0.198477744932
861,37,2,5.2832655,8.2832655,6.7832655,296,0.0229164375
862,37,2,129.365358,132.365358,130.865358,296,0.442112695946
863,37,2,70.0159515,73.0159515,71.5159515,296,0.241607944257
864,38,0,176.8815495,179.8815495,178.3815495,377,0.473160608753
865,38,0,95.5490295,98.5490295,97.0490295,377,0.257424481432
866,38,0,17.666475,20.666475,19.166475,377,0.0508394562334
867,38,1,103.1156205,106.1156205,104.6156205,281,0.372297581851
868,38,1,193.398051,196.398051,194.898051,281,0.693587370107
869,39,0,248.6474985,251.6474985,250.1474985,296,0.845092900338
870,39,0,225.9810585,228.9810585,227.4810585,296,0.768517089527
871,39,0,255.6807615,258.6807615,257.1807615,296,0.868853923986
872,39,1,147.798507,150.798507,149.298507,267,0.559170438202
873,39,1,269.6472885,272.6472885,271.1472885,267,1.01553291573
874,39,1,42.6162255,45.6162255,44.1162255,267,0.165229308989
875,39,1,60.1160505,63.1160505,61.6160505,267,0.230771724719
876,39,1,191.1147405,194.1147405,192.6147405,267,0.721403522472
877,39,1,32.16633,35.16633,33.66633,267,0.126091123596
878,39,1,272.330595,275.330595,273.830595,267,1.02558275281
879,39,2,30.633012,33.633012,32.133012,712,0.0451306348315
880,39,2,191.031408,194.031408,192.531408,712,0.270409280899
881,39,2,281.0805075,284.0805075,282.5805075,712,0.396882735253
882,39,2,234.2143095,237.2143095,235.7143095,712,0.331059423455
883,39,2,3.0499545,6.0499545,4.5499545,712,0.00639038553371
884,39,2,135.231966,138.231966,136.731966,712,0.19203927809
885,39,2,276.4472205,279.4472205,277.9472205,712,0.390375309691
886,39,2,350.229816,353.229816,351.729816,712,0.494002550562
887,39,2,263.2140195,266.2140195,264.7140195,712,0.37178935323
888,40,0,315.663495,318.663495,317.163495,242,1.31059295455
889,40,0,114.9488355,117.9488355,116.4488355,242,0.481193535124
890,40,0,218.2478025,221.2478025,219.7478025,242,0.908048770661
891,40,0,153.631782,156.631782,155.131782,242,0.641040421488
892,40,1,177.16488,180.16488,178.66488,263,0.679334144487
893,40,1,17.699808,20.699808,19.199808,263,0.0730030722433
894,40,2,30.799677,33.799677,32.299677,244,0.13237572541
895,40,2,198.864663,201.864663,200.364663,244,0.821166651639
896,40,2,213.697848,216.697848,215.197848,244,0.881958393443
897,41,0,209.4145575,212.4145575,210.9145575,284,0.742656892606
898,41,0,426.929049,429.929049,428.429049,284,1.50855298944
899,41,0,411.7792005,414.7792005,413.2792005,284,1.45520845246
900,41,0,157.4150775,160.4150775,158.9150775,284,0.559560132042
901,41,1,152.5817925,155.5817925,154.0817925,248,0.621297550403
902,41,1,158.098404,161.098404,159.598404,248,0.643541951613
903,41,1,161.0150415,164.0150415,162.5150415,248,0.655302586694
904,41,1,155.598429,158.598429,157.098429,248,0.633461407258
905,41,1,144.49854,147.49854,145.99854,248,0.588703790323
906,41,1,170.9816085,173.9816085,172.4816085,248,0.695490356855
907,41,2,185.5481295,188.5481295,187.0481295,209,0.894967126794
908,41,2,106.7155845,109.7155845,108.2155845,209,0.517777916268
909,42,0,365.3463315,368.3463315,366.8463315,498,0.73663921988
910,42,0,125.5487295,128.5487295,127.0487295,498,0.255117930723
911,42,0,138.265269,141.265269,139.765269,498,0.280653150602
912,42,1,207.7145745,210.7145745,209.2145745,342,0.61173852193
913,42,1,287.263779,290.263779,288.763779,342,0.844338535088
914,42,2,318.796797,321.796797,320.296797,440,0.727947265909
915,43,0,35.8496265,38.8496265,37.3496265,96,0.389058609375
916,43,0,42.8162235,45.8162235,44.3162235,96,0.461627328125
917,43,0,82.3158285,85.3158285,83.8158285,96,0.873081546875
918,43,1,77.599209,80.599209,79.099209,160,0.49437005625
919,43,1,11.233206,14.233206,12.733206,160,0.0795825375
920,43,1,36.8162835,39.8162835,38.3162835,160,0.239476771875
921,43,1,48.6494985,51.6494985,50.1494985,160,0.313434365625
922,43,1,120.098784,123.098784,121.598784,160,0.7599924
923,43,2,88.0491045,91.0491045,89.5491045,397,0.225564494962
924,43,2,227.5477095,230.5477095,229.0477095,397,0.576946371537
925,43,2,336.396621,339.396621,337.896621,397,0.851124989924
926,43,2,191.9813985,194.9813985,193.4813985,397,0.487358686398
927,43,2,256.8807495,259.8807495,258.3807495,397,0.650833122166
928,43,2,308.130237,311.130237,309.630237,397,0.779925030227
929,44,1,101.1489735,104.1489735,102.6489735,136,0.754771863971
930,44,1,120.8821095,123.8821095,122.3821095,136,0.899868452206
931,44,1,102.365628,105.365628,103.865628,136,0.763717852941
932,44,1,78.16587,81.16587,79.66587,136,0.585778455882
933,44,1,86.6157855,89.6157855,88.1157855,136,0.6479101875
934,44,1,112.732191,115.732191,114.232191,136,0.839942580882
935,44,1,92.632392,95.632392,94.132392,136,0.692149941176
936,44,1,90.8824095,93.8824095,92.3824095,136,0.679282422794
937,44,1,129.83202,132.83202,131.33202,136,0.965676617647
938,44,1,94.5490395,97.5490395,96.0490395,136,0.7062429375
939,44,1,98.132337,101.132337,99.632337,136,0.732590713235
940,44,1,125.932059,128.932059,127.432059,136,0.937000433824
941,44,1,105.198933,108.198933,106.698933,136,0.784550977941
942,44,2,57.699408,60.699408,59.199408,130,0.455380061538
943,44,2,56.1827565,59.1827565,57.6827565,130,0.443713511538
944,44,2,25.8497265,28.8497265,27.3497265,130,0.210382511538
945,44,2,43.6495485,46.6495485,45.1495485,130,0.347304219231
946,44,2,39.8829195,42.8829195,41.3829195,130,0.31833015
947,44,2,52.7161245,55.7161245,54.2161245,130,0.417047111538
948,44,2,102.4822935,105.4822935,103.9822935,130,0.799863796154
949,44,2,47.0828475,50.0828475,48.5828475,130,0.373714211538
950,44,2,114.198843,117.198843,115.698843,130,0.8899911
951,44,2,110.4155475,113.4155475,111.9155475,130,0.860888826923
952,44,2,103.9489455,106.9489455,105.4489455,130,0.811145734615
953,44,2,96.4156875,99.4156875,97.9156875,130,0.753197596154
954,44,2,30.6830115,33.6830115,32.1830115,130,0.247561626923
955,44,2,99.3823245,102.3823245,100.8823245,130,0.776017880769
956,44,2,61.999365,64.999365,63.499365,130,0.488456653846
957,44,2,42.1828965,45.1828965,43.6828965,130,0.336022280769
958,44,2,101.032308,104.032308,102.532308,130,0.788710061538
959,44,2,105.6822615,108.6822615,107.1822615,130,0.824478934615
960,44,2,28.1497035,31.1497035,29.6497035,130,0.228074642308
961,44,2,59.432724,62.432724,60.932724,130,0.468713261538
962,45,0,232.9143225,235.9143225,234.4143225,415,0.564853789157
963,45,0,269.863953,272.863953,271.363953,415,0.653889043373
964,45,0,193.564716,196.564716,195.064716,415,0.470035460241
965,45,1,124.0154115,127.0154115,125.5154115,554,0.226562114621
966,45,1,96.49902,99.49902,97.99902,554,0.176893537906
967,45,1,86.1491235,89.1491235,87.6491235,554,0.15821141426
968,45,1,141.431904,144.431904,142.931904,554,0.257999826715
969,45,2,173.864913,176.864913,175.364913,416,0.421550271635
970,45,2,58.1827365,61.1827365,59.6827365,416,0.143468116587
971,45,2,64.1493435,67.1493435,65.6493435,416,0.157810921875
972,45,2,205.1646,208.1646,206.6646,416,0.496789903846
973,45,2,46.799517,49.799517,48.299517,416,0.116104608173
974,45,2,169.6482885,172.6482885,171.1482885,416,0.411414155048
975,46,0,37.6829415,40.6829415,39.1829415,264,0.148420232955
976,46,1,99.3156585,102.3156585,100.8156585,239,0.421822838912
977,46,2,108.7155645,111.7155645,110.2155645,176,0.626224798295
978,46,2,32.366328,35.366328,33.866328,176,0.192422318182
979,47,0,194.064711,197.064711,195.564711,206,0.949343257282
980,47,0,142.4485605,145.4485605,143.9485605,206,0.698779419903
981,47,1,73.4159175,76.4159175,74.9159175,298,0.251395696309
982,47,1,252.5141265,255.5141265,254.0141265,298,0.852396397651
983,47,1,92.5823925,95.5823925,94.0823925,298,0.31571272651
984,47,1,214.49784,217.49784,215.99784,298,0.724824966443
985,47,1,46.1828565,49.1828565,47.6828565,298,0.16000958557
986,47,1,257.7140745,260.7140745,259.2140745,298,0.869845887584
987,47,1,111.565536,114.565536,113.065536,298,0.379414550336
988,47,1,224.6144055,227.6144055,226.1144055,298,0.758773172819
989,47,2,130.0486845,133.0486845,131.5486845,251,0.524098344622
990,47,2,230.6143455,233.6143455,232.1143455,251,0.924758348606
991,47,2,144.098544,147.098544,145.598544,251,0.580073880478
992,47,2,197.6813415,200.6813415,199.1813415,251,0.793551161355
993,47,2,42.932889,45.932889,44.432889,251,0.177023462151
994,47,2,90.932409,93.932409,92.432409,251,0.368256609562
995,47,2,67.765974,70.765974,69.265974,251,0.275960055777
996,47,2,16.266489,19.266489,17.766489,251,0.0707828247012
997,47,2,62.6826915,65.6826915,64.1826915,251,0.255707934263
998,47,2,27.4497105,30.4497105,28.9497105,251,0.115337492032
999,47,2,136.4819535,139.4819535,137.9819535,251,0.549728898406
1000,47,2,34.466307,37.466307,35.966307,251,0.143292059761
1001,47,2,213.731181,216.731181,215.231181,251,0.85749474502
1002,47,2,86.199123,89.199123,87.699123,251,0.349398896414
1003,47,2,6.6499185,9.6499185,8.1499185,251,0.0324697948207
1004,47,2,164.931669,167.931669,166.431669,251,0.663074378486
1005,48,0,95.7823605,98.7823605,97.2823605,229,0.42481380131
1006,48,0,36.032958,39.032958,37.532958,229,0.163899379913
1007,48,0,55.9494255,58.9494255,57.4494255,229,0.250870853712
1008,48,0,18.2498025,21.2498025,19.7498025,229,0.0862436790393
1009,48,0,141.1152405,144.1152405,142.6152405,229,0.622773975983
1010,48,0,26.3830545,29.3830545,27.8830545,229,0.121760063319
1011,48,1,150.465147,153.465147,151.965147,160,0.94978216875
1012,48,1,78.399201,81.399201,79.899201,160,0.49937000625
1013,48,1,53.16612,56.16612,54.66612,160,0.34166325
1014,48,1,57.1494135,60.1494135,58.6494135,160,0.366558834375
1015,48,1,102.6822915,105.6822915,104.1822915,160,0.651139321875
1016,48,1,63.5493495,66.5493495,65.0493495,160,0.406558434375
1017,48,1,67.732641,70.732641,69.232641,160,0.43270400625
1018,48,2,59.899386,62.899386,61.399386,266,0.230824759398
1019,48,2,84.065811,87.065811,85.565811,266,0.321675981203
1020,48,2,249.664155,252.664155,251.164155,266,0.944226146617
1021,48,2,97.799007,100.799007,99.299007,266,0.373304537594
1022,48,2,42.366228,45.366228,43.866228,266,0.164910631579
1023,48,2,154.798437,157.798437,156.298437,266,0.587588109023
1024,48,2,250.8474765,253.8474765,252.3474765,266,0.948674723684
1025,48,2,203.5479495,206.5479495,205.0479495,266,0.770856953008
1026,48,2,27.633042,30.633042,29.133042,266,0.109522714286
1027,48,2,187.764774,190.764774,189.264774,266,0.711521706767
1028,48,2,174.7149045,177.7149045,176.2149045,266,0.662462046992
1029,48,2,144.631872,147.631872,146.131872,266,0.54936793985
1030,48,2,116.16549,119.16549,117.66549,266,0.442351466165
1031,48,2,90.799077,93.799077,92.299077,266,0.346989011278
1032,49,0,193.264719,196.264719,194.764719,385,0.505882387013
1033,49,0,295.9136925,298.9136925,297.4136925,385,0.772503097403
1034,49,1,66.3826545,69.3826545,67.8826545,403,0.168443311414
1035,49,1,189.16476,192.16476,190.66476,403,0.473113548387
1036,49,1,151.3484715,154.3484715,152.8484715,403,0.379276604218
1037,49,2,22.9164225,25.9164225,24.4164225,349,0.0699610959885
1038,49,2,156.16509,159.16509,157.66509,349,0.45176243553
1039,50,0,125.2820655,128.2820655,126.7820655,198,0.640313462121
1040,50,0,49.4828235,52.4828235,50.9828235,198,0.257489007576
1041,50,0,72.6492585,75.6492585,74.1492585,198,0.374491204545
1042,50,0,102.83229,105.83229,104.33229,198,0.526930757576
1043,50,0,40.999575,43.999575,42.499575,198,0.214644318182
1044,50,0,121.898766,124.898766,123.398766,198,0.623226090909
1045,50,0,191.0814075,194.0814075,192.5814075,198,0.972633371212
1046,50,0,167.0483145,170.0483145,168.5483145,198,0.851254113636
1047,50,0,174.49824,177.49824,175.99824,198,0.88888
1048,50,0,175.8148935,178.8148935,177.3148935,198,0.895529765152
1049,50,0,27.766374,30.766374,29.266374,198,0.147809969697
1050,50,0,67.332645,70.332645,68.832645,198,0.347639621212
1051,50,0,60.83271,63.83271,62.33271,198,0.314811666667
1052,50,0,64.7826705,67.7826705,66.2826705,198,0.334760962121
1053,50,0,86.4157875,89.4157875,87.9157875,198,0.444019128788
1054,50,0,179.6481885,182.6481885,181.1481885,198,0.914889840909
1055,50,0,52.932789,55.932789,54.432789,198,0.274913075758
1056,50,0,76.0158915,79.0158915,77.5158915,198,0.391494401515
1057,50,0,140.4485805,143.4485805,141.9485805,198,0.716912022727
1058,50,0,134.1819765,137.1819765,135.6819765,198,0.685262507576
1059,50,0,31.733001,34.733001,33.233001,198,0.167843439394
1060,50,0,45.1828665,48.1828665,46.6828665,198,0.23577205303
1061,50,0,160.1817165,163.1817165,161.6817165,198,0.816574325758
1062,50,0,108.265569,111.265569,109.765569,198,0.554371560606
1063,50,0,21.2497725,24.2497725,22.7497725,198,0.114897840909
1064,50,0,16.6498185,19.6498185,18.1498185,198,0.09166575
1065,50,0,95.1823665,98.1823665,96.6823665,198,0.488294780303
1066,50,0,180.5815125,183.5815125,182.0815125,198,0.919603598485
1067,50,0,136.49862,139.49862,137.99862,198,0.696962727273
1068,50,0,148.9484955,151.9484955,150.4484955,198,0.759840886364
1069,50,0,81.265839,84.265839,82.765839,198,0.418009287879
1070,50,0,115.0155015,118.0155015,116.5155015,198,0.588462128788
1071,50,0,169.8149535,172.8149535,171.3149535,198,0.865227037879
1072,50,0,182.4481605,185.4481605,183.9481605,198,0.929031113636
1073,50,0,130.3820145,133.3820145,131.8820145,198,0.666070780303
1074,50,0,90.16575,93.16575,91.66575,198,0.462958333333
1075,50,0,37.7162745,40.7162745,39.2162745,198,0.198061992424
1076,50,0,9.133227,12.133227,10.633227,198,0.0537031666667
1077,50,0,84.599139,87.599139,86.099139,198,0.434844136364
1078,50,0,171.731601,174.731601,173.231601,198,0.874907075758
1079,50,0,78.7158645,81.7158645,80.2158645,198,0.405130628788
1080,50,0,186.8481165,189.8481165,188.3481165,198,0.951253113636
1081,50,0,110.865543,113.865543,112.365543,198,0.567502742424
1082,50,0,164.1150105,167.1150105,165.6150105,198,0.83643944697
1083,50,1,145.6151955,148.6151955,147.1151955,196,0.750587732143
1084,50,1,189.631422,192.631422,191.131422,196,0.975160316327
1085,50,1,4.4166075,7.4166075,5.9166075,196,0.0301867729592
1086,50,1,175.6482285,178.6482285,177.1482285,196,0.903817492347
1087,50,1,127.232046,130.232046,128.732046,196,0.656796153061
1088,50,1,189.131427,192.131427,190.631427,196,0.972609321429
1089,50,1,164.2150095,167.2150095,165.7150095,196,0.845484742347
1090,50,1,139.49859,142.49859,140.99859,196,0.719380561224
1091,50,1,176.064891,179.064891,177.564891,196,0.905943321429
1092,50,1,78.365868,81.365868,79.865868,196,0.407478918367
1093,50,1,42.032898,45.032898,43.532898,196,0.222106622449
1094,50,1,176.431554,179.431554,177.931554,196,0.90781405102
1095,50,1,188.2147695,191.2147695,189.7147695,196,0.967932497449
1096,50,1,90.199083,93.199083,91.699083,196,0.467852464286
1097,50,1,128.1820365,131.1820365,129.6820365,196,0.661643043367
1098,50,1,65.932659,68.932659,67.432659,196,0.344044178571
1099,50,1,79.1158605,82.1158605,80.6158605,196,0.411305410714
1100,50,1,177.0148815,180.0148815,178.5148815,196,0.910790211735
1101,50,1,30.666345,33.666345,32.166345,196,0.164114005102
1102,50,1,104.7489375,107.7489375,106.2489375,196,0.542086415816
1103,50,1,89.599089,92.599089,91.099089,196,0.464791270408
1104,50,1,138.1486035,141.1486035,139.6486035,196,0.712492875
1105,50,1,91.765734,94.765734,93.265734,196,0.475845581633
1106,50,1,162.8816895,165.8816895,164.3816895,196,0.838682089286
1107,50,1,165.031668,168.031668,166.531668,196,0.849651367347
1108,50,1,77.232546,80.232546,78.732546,196,0.401696663265
1109,50,1,95.0157015,98.0157015,96.5157015,196,0.492427048469
1110,50,1,172.16493,175.16493,173.66493,196,0.886045561224
1111,50,1,74.865903,77.865903,76.365903,196,0.389621954082
1112,50,1,142.9485555,145.9485555,144.4485555,196,0.73698242602
1113,50,1,94.1490435,97.1490435,95.6490435,196,0.48800532398
1114,50,1,69.49929,72.49929,70.99929,196,0.36224127551
1115,50,1,173.0815875,176.0815875,174.5815875,196,0.890722385204
1116,50,1,166.9816485,169.9816485,168.4816485,196,0.859600247449
1117,50,1,20.366448,23.366448,21.866448,196,0.111563510204
1118,50,1,44.799537,47.799537,46.299537,196,0.236222127551
1119,50,1,52.066131,55.066131,53.566131,196,0.273296586735
1120,50,1,76.065891,79.065891,77.565891,196,0.395744341837
1121,50,1,166.3816545,169.3816545,167.8816545,196,0.856539053571
1122,50,1,141.7485675,144.7485675,143.2485675,196,0.730860038265
1123,50,1,93.199053,96.199053,94.699053,196,0.483158433673
1124,50,1,150.331815,153.331815,151.831815,196,0.774652117347
1125,50,1,67.9493055,70.9493055,69.4493055,196,0.354333191327
1126,50,1,165.49833,168.49833,166.99833,196,0.852032295918
1127,50,1,126.3153885,129.3153885,127.8153885,196,0.652119329082
1128,50,1,174.798237,177.798237,176.298237,196,0.89948080102
1129,50,1,140.698578,143.698578,142.198578,196,0.72550294898
1130,50,1,189.998085,192.998085,191.498085,196,0.977031045918
1131,50,1,129.16536,132.16536,130.66536,196,0.66666
1132,50,1,56.3494215,59.3494215,57.8494215,196,0.295150109694
1133,50,1,162.431694,165.431694,163.931694,196,0.836386193878
1134,50,1,180.131517,183.131517,181.631517,196,0.926691413265
1135,50,1,135.3152985,138.3152985,136.8152985,196,0.698037237245
1136,50,1,160.2150495,163.2150495,161.7150495,196,0.825076783163
1137,50,1,62.5826925,65.5826925,64.0826925,196,0.326952512755
1138,50,1,156.49842,159.49842,157.99842,196,0.806114387755
1139,50,1,85.899126,88.899126,87.399126,196,0.445913908163
1140,50,1,131.8819995,134.8819995,133.3819995,196,0.680520405612
1141,50,1,134.531973,137.531973,136.031973,196,0.694040678571
1142,50,1,62.0826975,65.0826975,63.5826975,196,0.324401517857
1143,50,1,180.9815085,183.9815085,182.4815085,196,0.931028104592
1144,50,1,156.998415,159.998415,158.498415,196,0.808665382653
1145,50,1,159.298392,162.298392,160.798392,196,0.820399959184
1146,50,1,12.5165265,15.5165265,14.0165265,196,0.0715128903061
1147,50,1,133.898646,136.898646,135.398646,196,0.690809418367
1148,50,1,83.799147,86.799147,85.299147,196,0.435199729592
1149,50,1,158.7817305,161.7817305,160.2817305,196,0.817763931122
1150,50,1,182.7148245,185.7148245,184.2148245,196,0.939871553571
1151,50,1,158.5817325,161.5817325,160.0817325,196,0.816743533163
1152,50,1,181.9481655,184.9481655,183.4481655,196,0.935960028061
1153,50,1,11.3832045,14.3832045,12.8832045,196,0.0657306352041
1154,50,1,182.3814945,185.3814945,183.8814945,196,0.938170890306
1155,50,1,63.0160215,66.0160215,64.5160215,196,0.329163375
1156,50,1,160.598379,163.598379,162.098379,196,0.827032545918
1157,50,1,81.965832,84.965832,83.465832,196,0.425846081633
1158,50,1,130.865343,133.865343,132.365343,196,0.675333382653
1159,50,1,31.5830025,34.5830025,33.0830025,196,0.168790829082
1160,50,1,137.331945,140.331945,138.831945,196,0.70832625
1161,50,1,80.4158475,83.4158475,81.9158475,196,0.417937997449
1162,50,1,64.6160055,67.6160055,66.1160055,196,0.337326558673
1163,50,1,186.5147865,189.5147865,188.0147865,196,0.959259114796
1164,50,1,178.264869,181.264869,179.764869,196,0.91716769898
1165,50,1,154.1484435,157.1484435,155.6484435,196,0.794124711735
1166,50,1,136.998615,139.998615,138.498615,196,0.706625586735
1167,50,1,185.964792,188.964792,187.464792,196,0.956453020408
1168,50,1,178.764864,181.764864,180.264864,196,0.919718693878
1169,50,1,0.733311,3.733311,2.233311,196,0.0113944438776
1170,50,1,64.0826775,67.0826775,65.5826775,196,0.334605497449
1171,50,1,161.4483705,164.4483705,162.9483705,196,0.831369237245
1172,50,1,81.2491725,84.2491725,82.7491725,196,0.422189655612
1173,50,1,130.298682,133.298682,131.798682,196,0.672442255102
1174,50,1,161.131707,164.131707,162.631707,196,0.829753607143
1175,50,1,179.2815255,182.2815255,180.7815255,196,0.922354721939
1176,50,1,155.2150995,158.2150995,156.7150995,196,0.799566834184
1177,50,1,38.732931,41.732931,40.232931,196,0.205270056122
1178,50,1,160.931709,163.931709,162.431709,196,0.828733209184
1179,50,1,33.032988,36.032988,34.532988,196,0.176188714286
1180,50,1,155.631762,158.631762,157.131762,196,0.801692663265
1181,50,1,136.6486185,139.6486185,138.1486185,196,0.704839890306
1182,50,1,99.4489905,102.4489905,100.9489905,196,0.515045869898
1183,50,1,158.265069,161.265069,159.765069,196,0.815127903061
1184,50,1,25.2497325,28.2497325,26.7497325,196,0.136478227041
1185,50,1,144.83187,147.83187,146.33187,196,0.746591173469
1186,50,1,170.3482815,173.3482815,171.8482815,196,0.876776946429
1187,50,1,146.16519,149.16519,147.66519,196,0.753393826531
1188,50,1,48.199503,51.199503,49.699503,196,0.253568892857
1189,50,1,169.531623,172.531623,171.031623,196,0.872610321429
1190,50,1,23.9164125,26.9164125,25.4164125,196,0.12967557398
1191,50,1,22.5830925,25.5830925,24.0830925,196,0.122872920918
1192,50,1,72.9825885,75.9825885,74.4825885,196,0.380013206633
1193,50,1,98.565666,101.565666,100.065666,196,0.510539112245
1194,50,1,96.7823505,99.7823505,98.2823505,196,0.501440563776
1195,50,1,71.3492715,74.3492715,72.8492715,196,0.371679956633
1196,50,2,92.5823925,95.5823925,94.0823925,231,0.407283084416
1197,50,2,165.2149995,168.2149995,166.7149995,231,0.721709954545
1198,50,2,37.366278,40.366278,38.866278,231,0.168252285714
1199,50,2,176.731551,179.731551,178.231551,231,0.771565155844
1200,50,2,57.932739,60.932739,59.432739,231,0.257284584416
1201,50,2,162.465027,165.465027,163.965027,231,0.709805311688
1202,50,2,1.299972,4.299972,2.799972,231,0.0121210909091
1203,50,2,167.49831,170.49831,168.99831,231,0.731594415584
1204,50,2,206.7479175,209.7479175,208.2479175,231,0.901506136364
1205,50,2,38.999595,41.999595,40.499595,231,0.175322922078
1206,50,2,55.466097,58.466097,56.966097,231,0.246606480519
1207,50,2,72.6825915,75.6825915,74.1825915,231,0.32113675974
1208,50,2,105.365598,108.365598,106.865598,231,0.462621636364
1209,50,2,164.031678,167.031678,165.531678,231,0.716587350649
1210,50,2,77.999205,80.999205,79.499205,231,0.344152402597
1211,50,2,216.731151,219.731151,218.231151,231,0.944723597403
1212,50,2,74.432574,77.432574,75.932574,231,0.328712441558
1213,50,2,46.432854,49.432854,47.932854,231,0.207501532468
1214,50,2,107.6155755,110.6155755,109.1155755,231,0.472361798701
1215,50,2,67.332645,70.332645,68.832645,231,0.297976818182
1216,50,2,171.1149405,174.1149405,172.6149405,231,0.747250824675
1217,50,2,60.8493765,63.8493765,62.3493765,231,0.269910720779
1218,50,2,53.199453,56.199453,54.699453,231,0.236794168831
1219,50,2,208.6478985,211.6478985,210.1478985,231,0.909731162338
1220,50,2,81.032508,84.032508,82.532508,231,0.357283584416
1221,50,2,198.2146695,201.2146695,199.7146695,231,0.864565668831
1222,50,2,18.466467,21.466467,19.966467,231,0.0864349220779
1223,50,2,116.265489,119.265489,117.765489,231,0.509807311688
1224,50,2,211.364538,214.364538,212.864538,231,0.921491506494
1225,50,2,123.932079,126.932079,125.432079,231,0.542996012987
1226,50,2,201.731301,204.731301,203.231301,231,0.879789181818
1227,50,2,9.299892,12.299892,10.799892,231,0.0467527792208
1228,50,2,205.3479315,208.3479315,206.8479315,231,0.895445590909
1229,50,2,12.9831885,15.9831885,14.4831885,231,0.0626977857143
1230,50,2,26.899716,29.899716,28.399716,231,0.122942493506
1231,50,2,98.16567,101.16567,99.66567,231,0.431453116883
1232,50,2,89.49909,92.49909,90.99909,231,0.393935454545
1233,50,2,45.3828645,48.3828645,46.8828645,231,0.202956123377
1234,50,2,146.998515,149.998515,148.498515,231,0.642850714286
1235,50,2,84.4824735,87.4824735,85.9824735,231,0.3722185
1236,50,2,145.265199,148.265199,146.765199,231,0.635347181818
1237,50,2,63.8160135,66.8160135,65.3160135,231,0.282753305195
1238,50,2,86.299122,89.299122,87.799122,231,0.380082779221
1239,50,2,16.0831575,19.0831575,17.5831575,231,0.0761175649351
1240,50,2,22.966422,25.966422,24.466422,231,0.105915246753
1241,50,2,7.399911,10.399911,8.899911,231,0.0385277532468
1242,50,2,82.6491585,85.6491585,84.1491585,231,0.364282071429
