id,participant,song,start,end
1,0,0,366.6796515,369.6796515
2,0,0,255.7474275,258.7474275
3,0,0,65.1493335,68.1493335
4,0,0,188.1147705,191.1147705
5,0,0,326.5467195,329.5467195
6,0,0,241.997565,244.997565
7,0,0,199.397991,202.397991
8,0,0,36.399621,39.399621
9,0,0,194.264709,197.264709
10,0,0,164.9483355,167.9483355
11,0,0,61.466037,64.466037
12,0,0,382.6461585,385.6461585
13,0,0,342.463227,345.463227
14,0,0,212.264529,215.264529
15,0,0,100.0156515,103.0156515
16,0,0,204.064611,207.064611
17,0,0,392.7127245,395.7127245
18,0,0,295.063701,298.063701
19,0,0,89.999085,92.999085
20,0,0,72.8492565,75.8492565
21,0,0,1.5166365,4.5166365
22,0,0,114.8155035,117.8155035
23,0,0,282.5804925,285.5804925
24,0,0,149.7484875,152.7484875
25,0,0,191.8314,194.8314
26,0,0,273.463917,276.463917
27,0,0,250.3474815,253.3474815
28,0,0,69.8826195,72.8826195
29,0,0,137.16528,140.16528
30,0,0,401.795967,404.795967
31,0,0,169.4816235,172.4816235
32,0,1,179.3815245,182.3815245
33,0,1,52.732791,55.732791
34,0,1,7.5165765,10.5165765
35,0,1,197.631342,200.631342
36,0,1,25.1497335,28.1497335
37,0,1,110.732211,113.732211
38,0,1,42.866223,45.866223
39,0,1,209.83122,212.83122
40,0,1,194.3147085,197.3147085
41,0,1,212.331195,215.331195
42,0,1,160.9483755,163.9483755
43,0,1,254.4807735,257.4807735
44,0,1,159.098394,162.098394
45,0,1,60.032718,63.032718
46,0,1,122.16543,125.16543
47,0,1,244.5475395,247.5475395
48,0,1,240.3809145,243.3809145
49,0,1,188.1147705,191.1147705
50,0,1,119.5487895,122.5487895
51,0,1,171.464937,174.464937
52,0,1,201.297972,204.297972
53,0,1,205.9812585,208.9812585
54,0,1,48.0161715,51.0161715
55,0,1,5.733261,8.733261
56,0,1,30.966342,33.966342
57,0,1,70.6159455,73.6159455
58,0,1,95.3156985,98.3156985
59,0,1,223.3810845,226.3810845
60,0,1,233.297652,236.297652
61,0,2,127.265379,130.265379
62,0,2,187.83144,190.83144
63,0,2,279.630522,282.630522
64,0,2,284.330475,287.330475
65,0,2,132.531993,135.531993
66,0,2,229.3810245,232.3810245
67,0,2,202.7479575,205.7479575
68,0,2,220.1811165,223.1811165
69,0,2,261.664035,264.664035
70,0,2,224.964402,227.964402
71,0,2,277.7138745,280.7138745
72,0,2,91.765734,94.765734
73,0,2,232.230996,235.230996
74,0,2,134.9819685,137.9819685
75,0,2,88.3157685,91.3157685
76,0,2,257.364078,260.364078
77,0,2,239.930919,242.930919
78,0,2,255.797427,258.797427
79,0,2,271.097274,274.097274
80,0,2,235.5809625,238.5809625
81,0,2,242.697558,245.697558
82,0,2,146.065191,149.065191
83,0,2,150.5818125,153.5818125
84,0,2,32.999655,35.999655
85,0,2,265.49733,268.49733
86,0,2,194.064711,197.064711
87,0,2,124.8154035,127.8154035
88,1,0,3.299952,6.299952
89,1,0,192.9147225,195.9147225
90,1,0,183.1814865,186.1814865
91,1,0,59.5160565,62.5160565
92,1,0,191.864733,194.864733
93,1,0,238.797597,241.797597
94,1,0,191.2480725,194.2480725
95,1,0,242.764224,245.764224
96,1,0,157.698408,160.698408
97,1,0,10.3498815,13.3498815
98,1,0,47.9828385,50.9828385
99,1,0,161.3150385,164.3150385
100,1,0,139.83192,142.83192
101,1,0,103.232286,106.232286
102,1,0,38.999595,41.999595
103,1,1,45.5828625,48.5828625
104,1,1,159.465057,162.465057
105,1,1,99.632322,102.632322
106,1,1,157.6817415,160.6817415
107,1,1,118.565466,121.565466
108,1,1,23.266419,26.266419
109,1,1,165.964992,168.964992
110,1,1,77.3825445,80.3825445
111,1,1,189.031428,192.031428
112,1,1,98.6489985,101.6489985
113,1,1,45.9828585,48.9828585
114,1,1,93.4490505,96.4490505
115,1,1,110.0822175,113.0822175
116,1,1,102.665625,105.665625
117,1,1,94.699038,97.699038
118,1,1,116.9821485,119.9821485
119,1,1,3.7166145,6.7166145
120,1,1,228.5476995,231.5476995
121,1,1,2.6166255,5.6166255
122,1,1,68.7492975,71.7492975
123,1,1,95.232366,98.232366
124,1,1,159.031728,162.031728
125,1,1,119.0821275,122.0821275
126,1,1,78.699198,81.699198
127,1,1,165.5483295,168.5483295
128,1,1,97.199013,100.199013
129,1,1,46.399521,49.399521
130,1,1,178.564866,181.564866
131,1,1,170.7482775,173.7482775
132,1,1,170.3482815,173.3482815
133,1,1,264.897336,267.897336
134,1,1,38.599599,41.599599
135,1,1,94.265709,97.265709
136,1,1,232.897656,235.897656
137,1,1,59.5493895,62.5493895
138,1,1,50.8161435,53.8161435
139,1,1,108.2822355,111.2822355
140,1,1,104.16561,107.16561
141,1,1,179.131527,182.131527
142,1,1,103.6489485,106.6489485
143,1,1,241.0142415,244.0142415
144,1,1,223.864413,226.864413
145,1,1,109.298892,112.298892
146,1,1,159.965052,162.965052
147,1,1,185.664795,188.664795
148,1,1,32.7829905,35.7829905
149,1,1,117.732141,120.732141
150,1,1,141.7485675,144.7485675
151,1,1,96.0490245,99.0490245
152,1,1,158.3484015,161.3484015
153,1,1,162.2483625,165.2483625
154,1,1,118.1488035,121.1488035
155,1,1,103.065621,106.065621
156,1,1,17.8164735,20.8164735
157,1,1,96.599019,99.599019
158,1,2,218.9477955,221.9477955
159,1,2,70.632612,73.632612
160,1,2,92.3490615,95.3490615
161,1,2,162.698358,165.698358
162,1,2,147.0151815,150.0151815
163,1,2,107.632242,110.632242
164,1,2,19.599789,22.599789
165,1,2,106.098924,109.098924
166,1,2,195.0147015,198.0147015
167,1,2,149.2151595,152.2151595
168,1,2,145.7485275,148.7485275
169,1,2,52.699458,55.699458
170,1,2,164.0150115,167.0150115
171,1,2,111.332205,114.332205
172,1,2,54.0827775,57.0827775
173,1,2,51.666135,54.666135
174,1,2,153.8817795,156.8817795
175,1,2,152.9817885,155.9817885
176,1,2,192.16473,195.16473
177,1,2,83.83248,86.83248
178,1,2,79.3825245,82.3825245
179,1,2,7.83324,10.83324
180,2,2,43.8162135,46.8162135
181,3,0,210.431214,213.431214
182,3,0,299.896986,302.896986
183,3,0,169.2816255,172.2816255
184,3,0,244.6475385,247.6475385
185,3,0,237.9476055,240.9476055
186,3,0,151.765134,154.765134
187,3,0,226.7143845,229.7143845
188,3,0,163.1483535,166.1483535
189,3,0,307.996905,310.996905
190,3,1,255.930759,258.930759
191,3,1,70.9826085,73.9826085
192,3,1,237.730941,240.730941
193,3,1,100.83231,103.83231
194,3,1,44.932869,47.932869
195,3,1,26.8497165,29.8497165
196,3,1,209.064561,212.064561
197,3,1,55.932759,58.932759
198,3,1,89.3824245,92.3824245
199,3,1,22.1164305,25.1164305
200,3,1,186.331455,189.331455
201,3,1,173.16492,176.16492
202,3,1,220.064451,223.064451
203,3,1,229.6476885,232.6476885
204,3,2,39.766254,42.766254
205,3,2,139.7819205,142.7819205
206,3,2,53.5494495,56.5494495
207,3,2,42.732891,45.732891
208,3,2,86.665785,89.665785
209,3,2,114.2821755,117.2821755
210,3,2,208.5145665,211.5145665
211,3,2,66.5826525,69.5826525
212,3,2,47.16618,50.16618
213,3,2,190.098084,193.098084
214,3,2,76.4158875,79.4158875
215,3,2,26.0830575,29.0830575
216,3,2,110.765544,113.765544
217,4,0,430.262349,433.262349
218,4,0,480.2118495,483.2118495
219,4,0,324.1800765,327.1800765
220,4,0,447.6455085,450.6455085
221,5,1,48.1495035,51.1495035
222,5,1,15.8164935,18.8164935
223,5,1,127.7153745,130.7153745
224,5,2,29.3163585,32.3163585
225,5,2,5.6832615,8.6832615
226,6,0,112.332195,115.332195
227,6,0,56.232756,59.232756
228,6,1,29.4163575,32.4163575
229,6,2,56.49942,59.49942
230,6,2,1.033308,4.033308
231,6,2,96.965682,99.965682
232,6,2,178.9148625,181.9148625
233,6,2,233.8476465,236.8476465
234,7,0,315.6801615,318.6801615
235,7,0,2.333295,5.333295
236,7,0,13.7165145,16.7165145
237,7,1,55.066101,58.066101
238,7,1,270.0139515,273.0139515
239,7,1,53.0161215,56.0161215
240,7,1,2.4832935,5.4832935
241,7,1,28.4163675,31.4163675
242,7,2,19.033128,22.033128
243,7,2,29.566356,32.566356
244,7,2,138.4486005,141.4486005
245,7,2,142.1152305,145.1152305
246,7,2,158.0484045,161.0484045
247,8,0,5.766594,8.766594
248,8,1,62.3826945,65.3826945
249,8,1,34.232976,37.232976
250,8,1,91.265739,94.265739
251,8,2,116.2154895,119.2154895
252,8,2,141.0152415,144.0152415
253,8,2,69.1826265,72.1826265
254,9,0,426.995715,429.995715
255,9,0,411.8458665,414.8458665
256,9,0,46.0495245,49.0495245
257,9,0,82.5824925,85.5824925
258,9,0,136.065291,139.065291
259,9,1,196.5146865,199.5146865
260,9,1,226.2477225,229.2477225
261,9,1,114.065511,117.065511
262,9,1,135.131967,138.131967
263,9,2,315.7134945,318.7134945
264,9,2,217.964472,220.964472
265,9,2,344.3132085,347.3132085
266,9,2,308.296902,311.296902
267,9,2,287.83044,290.83044
268,9,2,90.465747,93.465747
269,9,2,323.8800795,326.8800795
270,10,1,25.83306,28.83306
271,10,2,56.566086,59.566086
272,11,0,25.2497325,28.2497325
273,11,0,82.0158315,85.0158315
274,11,0,93.632382,96.632382
275,11,0,107.6155755,110.6155755
276,11,0,14.299842,17.299842
277,11,0,47.2161795,50.2161795
278,11,1,170.331615,173.331615
279,11,1,1.2833055,4.2833055
280,11,1,134.098644,137.098644
281,11,1,48.599499,51.599499
282,11,1,72.9492555,75.9492555
283,11,1,109.5155565,112.5155565
284,11,1,36.4496205,39.4496205
285,11,2,12.733191,15.733191
286,11,2,114.4155075,117.4155075
287,11,2,309.6135555,312.6135555
288,11,2,86.099124,89.099124
289,11,2,27.066381,30.066381
290,12,0,136.3486215,139.3486215
291,12,0,155.1151005,158.1151005
292,12,0,219.4144575,222.4144575
293,12,0,169.364958,172.364958
294,12,0,313.730181,316.730181
295,12,0,308.5135665,311.5135665
296,12,0,224.4144075,227.4144075
297,12,0,143.2818855,146.2818855
298,12,0,324.9467355,327.9467355
299,12,0,356.8130835,359.8130835
300,12,0,120.6821115,123.6821115
301,12,1,99.1156605,102.1156605
302,12,1,62.432694,65.432694
303,12,1,188.9814285,191.9814285
304,12,1,153.898446,156.898446
305,12,1,148.8151635,151.8151635
306,12,1,115.465497,118.465497
307,12,1,69.0159615,72.0159615
308,12,1,142.3152285,145.3152285
309,12,1,138.2486025,141.2486025
310,12,1,130.7486775,133.7486775
311,12,1,218.131137,221.131137
312,12,1,192.7480575,195.7480575
313,12,2,81.3158385,84.3158385
314,12,2,56.7827505,59.7827505
315,12,2,157.598409,160.598409
316,12,2,32.666325,35.666325
317,13,1,600.8773095,603.8773095
318,13,1,548.761164,551.761164
319,13,1,536.7446175,539.7446175
320,13,1,532.394661,535.394661
321,13,1,593.6773815,596.6773815
322,13,2,247.8808395,250.8808395
323,14,0,70.065951,73.065951
324,14,1,262.1473635,265.1473635
325,14,1,113.1488535,116.1488535
326,14,1,273.4805835,276.4805835
327,14,1,138.3486015,141.3486015
328,14,1,80.4491805,83.4491805
329,14,1,304.9136025,307.9136025
330,14,1,257.430744,260.430744
331,14,2,108.7155645,111.7155645
332,14,2,32.366328,35.366328
333,15,0,85.8157935,88.8157935
334,15,0,217.3478115,220.3478115
335,15,0,101.532303,104.532303
336,15,1,77.532543,80.532543
337,15,2,84.9491355,87.9491355
338,15,2,49.4828235,52.4828235
339,15,2,11.6498685,14.6498685
340,15,2,123.7820805,126.7820805
341,15,2,55.899426,58.899426
342,16,2,251.0141415,254.0141415
343,16,2,257.4140775,260.4140775
344,16,2,55.9494255,58.9494255
345,16,2,221.7811005,224.7811005
346,17,0,155.298432,158.298432
347,17,0,104.3822745,107.3822745
348,17,0,50.999475,53.999475
349,17,1,130.232016,133.232016
350,17,1,98.1156705,101.1156705
351,17,1,192.6147255,195.6147255
352,17,2,56.5494195,59.5494195
353,17,2,68.2159695,71.2159695
354,17,2,74.332575,77.332575
355,18,0,297.563676,300.563676
356,18,0,277.730541,280.730541
357,18,0,287.1471135,290.1471135
358,18,0,272.2139295,275.2139295
359,18,0,238.0142715,241.0142715
360,18,0,226.131057,229.131057
361,18,0,329.030028,332.030028
362,18,0,210.264549,213.264549
363,18,1,210.6145455,213.6145455
364,18,1,250.5474795,253.5474795
365,18,1,161.7150345,164.7150345
366,18,1,120.532113,123.532113
367,18,1,206.231256,209.231256
368,18,2,273.330585,276.330585
369,18,2,226.631052,229.631052
370,18,2,89.9824185,92.9824185
371,18,2,258.3140685,261.3140685
372,18,2,221.964432,224.964432
373,18,2,251.8807995,254.8807995
374,18,2,127.5153765,130.5153765
375,18,2,78.5491995,81.5491995
376,18,2,239.630922,242.630922
377,18,2,189.9147525,192.9147525
378,18,2,161.398371,164.398371
379,18,2,119.465457,122.465457
380,18,2,98.5156665,101.5156665
381,18,2,300.1469835,303.1469835
382,18,2,175.031568,178.031568
383,18,2,232.0143315,235.0143315
384,18,2,263.630682,266.630682
385,18,2,150.331815,153.331815
386,19,0,157.1150805,160.1150805
387,19,0,44.932869,47.932869
388,19,1,191.9480655,194.9480655
389,19,1,84.6158055,87.6158055
390,19,1,141.8485665,144.8485665
391,19,1,38.699598,41.699598
392,19,1,243.430884,246.430884
393,19,1,321.463437,324.463437
394,19,2,56.3160885,59.3160885
395,19,2,210.631212,213.631212
396,19,2,162.5816925,165.5816925
397,19,2,27.799707,30.799707
398,20,0,88.8157635,91.8157635
399,20,0,67.599309,70.599309
400,20,0,100.898976,103.898976
401,20,0,145.3818645,148.3818645
402,20,0,46.466187,49.466187
403,20,1,423.9457455,426.9457455
404,20,1,42.7828905,45.7828905
405,20,1,364.0463445,367.0463445
406,20,1,492.661725,495.661725
407,20,1,312.296862,315.296862
408,20,1,75.7158945,78.7158945
409,20,1,451.395471,454.395471
410,20,1,14.6165055,17.6165055
411,20,1,165.198333,168.198333
412,20,1,60.932709,63.932709
413,20,1,239.764254,242.764254
414,20,1,284.83047,287.83047
415,20,1,330.296682,333.296682
416,20,1,22.5497595,25.5497595
417,20,1,348.3798345,351.3798345
418,20,1,534.1113105,537.1113105
419,20,1,30.7496775,33.7496775
420,20,1,499.3449915,502.3449915
421,20,1,342.8465565,345.8465565
422,20,1,385.9794585,388.9794585
423,20,1,201.4813035,204.4813035
424,20,1,133.6819815,136.6819815
425,20,1,89.5157565,92.5157565
426,20,1,521.594769,524.594769
427,20,1,119.6154555,122.6154555
428,20,1,3.099954,6.099954
429,20,1,224.7477375,227.7477375
430,20,2,142.6818915,145.6818915
431,20,2,216.864483,219.864483
432,20,2,149.5818225,152.5818225
433,20,2,56.399421,59.399421
434,20,2,84.432474,87.432474
435,20,2,202.9812885,205.9812885
436,20,2,182.964822,185.964822
437,20,2,27.199713,30.199713
438,20,2,38.666265,41.666265
439,21,0,163.5816825,166.5816825
440,21,0,299.9469855,302.9469855
441,21,0,334.729971,337.729971
442,21,0,171.6149355,174.6149355
443,21,0,267.2139795,270.2139795
444,21,0,140.6485785,143.6485785
445,21,0,110.032218,113.032218
446,21,0,275.6472285,278.6472285
447,21,0,33.899646,36.899646
448,21,0,223.997745,226.997745
449,21,0,248.16417,251.16417
450,21,0,95.965692,98.965692
451,21,0,191.931399,194.931399
452,21,0,54.4827735,57.4827735
453,21,1,110.83221,113.83221
454,21,1,226.9143825,229.9143825
455,21,1,140.031918,143.031918
456,21,1,12.9165225,15.9165225
457,21,1,246.930849,249.930849
458,21,1,58.7827305,61.7827305
459,21,1,0.9833085,3.9833085
460,21,1,44.49954,47.49954
461,21,1,258.7807305,261.7807305
462,21,1,148.7818305,151.7818305
463,21,1,275.3472315,278.3472315
464,21,1,207.0479145,210.0479145
465,21,1,171.0816075,174.0816075
466,21,2,200.0146515,203.0146515
467,21,2,318.1801365,321.1801365
468,21,2,284.230476,287.230476
469,21,2,46.066191,49.066191
470,21,2,257.83074,260.83074
471,21,2,183.198153,186.198153
472,21,2,40.4162475,43.4162475
473,21,2,168.231636,171.231636
474,21,2,18.1164705,21.1164705
475,21,2,235.4809635,238.4809635
476,21,2,89.0157615,92.0157615
477,22,1,298.497,301.497
478,22,1,263.130687,266.130687
479,22,1,238.9809285,241.9809285
480,22,1,348.529833,351.529833
481,22,1,412.4458605,415.4458605
482,22,1,304.363608,307.363608
483,22,1,182.0814975,185.0814975
484,22,1,425.095734,428.095734
485,22,1,180.0148515,183.0148515
486,22,1,72.8825895,75.8825895
487,22,1,362.6463585,365.6463585
488,22,1,309.0802275,312.0802275
489,22,1,357.2130795,360.2130795
490,22,1,397.2126795,400.2126795
491,22,1,166.798317,169.798317
492,22,1,300.663645,303.663645
493,22,1,176.7815505,179.7815505
494,22,1,387.862773,390.862773
495,22,1,276.263889,279.263889
496,22,1,325.6133955,328.6133955
497,22,1,280.063851,283.063851
498,22,1,366.1463235,369.1463235
499,22,1,89.932419,92.932419
500,22,1,173.9815785,176.9815785
501,22,1,318.063471,321.063471
502,22,1,203.0146215,206.0146215
503,22,2,210.897876,213.897876
504,22,2,143.2818855,146.2818855
505,22,2,194.031378,197.031378
506,22,2,75.6158955,78.6158955
507,22,2,72.732591,75.732591
508,22,2,174.431574,177.431574
509,22,2,101.665635,104.665635
510,22,2,88.7490975,91.7490975
511,22,2,161.9483655,164.9483655
512,22,2,264.764004,267.764004
513,22,2,31.033008,34.033008
514,22,2,239.9475855,242.9475855
515,22,2,67.732641,70.732641
516,22,2,191.8480665,194.8480665
517,22,2,204.531273,207.531273
518,22,2,115.5488295,118.5488295
519,22,2,170.064951,173.064951
520,22,2,164.6150055,167.6150055
521,22,2,55.49943,58.49943
522,22,2,19.7497875,22.7497875
523,22,2,243.964212,246.964212
524,22,2,322.863423,325.863423
525,22,2,251.8807995,254.8807995
526,22,2,185.9481255,188.9481255
527,22,2,93.299052,96.299052
528,22,2,257.930739,260.930739
529,22,2,38.432934,41.432934
530,22,2,120.298782,123.298782
531,22,2,46.7495175,49.7495175
532,22,2,197.298012,200.298012
533,22,2,147.531843,150.531843
534,22,2,28.366368,31.366368
535,22,2,261.130707,264.130707
536,22,2,23.299752,26.299752
537,22,2,277.9805385,280.9805385
538,22,2,44.2162095,47.2162095
539,22,2,124.398741,127.398741
540,23,0,188.3481015,191.3481015
541,23,0,164.7483375,167.7483375
542,23,0,140.365248,143.365248
543,23,1,322.1134305,325.1134305
544,23,1,156.9484155,159.9484155
545,23,1,483.361818,486.361818
546,23,1,99.932319,102.932319
547,23,1,345.4798635,348.4798635
548,23,1,178.2148695,181.2148695
549,23,1,399.629322,402.629322
550,23,1,48.4161675,51.4161675
551,23,1,116.2488225,119.2488225
552,23,1,421.462437,424.462437
553,23,1,32.632992,35.632992
554,23,1,447.0788475,450.0788475
555,23,2,86.6491185,89.6491185
556,23,2,143.865213,146.865213
557,23,2,165.8149935,168.8149935
558,23,2,201.6813015,204.6813015
559,23,2,104.1489435,107.1489435
560,23,2,191.931399,194.931399
561,23,2,74.1492435,77.1492435
562,24,0,119.1487935,122.1487935
563,24,0,66.432654,69.432654
564,24,1,73.4492505,76.4492505
565,24,1,135.4486305,138.4486305
566,24,2,13.0498545,16.0498545
567,25,1,46.8828495,49.8828495
568,25,2,120.6487785,123.6487785
569,26,0,205.031268,208.031268
570,26,0,209.83122,212.83122
571,26,0,234.797637,237.797637
572,26,0,186.6481185,189.6481185
573,26,0,215.6811615,218.6811615
574,26,0,190.8480765,193.8480765
575,26,0,142.265229,145.265229
576,26,0,92.4490605,95.4490605
577,26,0,25.3497315,28.3497315
578,26,0,225.8810595,228.8810595
579,26,0,42.2162295,45.2162295
580,26,0,34.666305,37.666305
581,26,0,198.1480035,201.1480035
582,26,0,245.2475325,248.2475325
583,26,0,95.032368,98.032368
584,26,1,242.5808925,245.5808925
585,26,1,185.4481305,188.4481305
586,26,1,230.6143455,233.6143455
587,26,1,212.0478645,215.0478645
588,26,1,258.4974,261.4974
589,26,1,100.965642,103.965642
590,26,1,180.131517,183.131517
591,26,1,162.8816895,165.8816895
592,26,1,42.732891,45.732891
593,26,1,166.5483195,169.5483195
594,26,1,222.8144235,225.8144235
595,26,1,217.797807,220.797807
596,26,1,207.0145815,210.0145815
597,26,1,8.1832365,11.1832365
598,26,1,119.332125,122.332125
599,26,1,197.331345,200.331345
600,26,2,38.8829295,41.8829295
601,26,2,128.132037,131.132037
602,26,2,9.566556,12.566556
603,26,2,159.598389,162.598389
604,26,2,185.331465,188.331465
605,26,2,213.997845,216.997845
606,26,2,77.732541,80.732541
607,26,2,115.49883,118.49883
608,27,2,202.431294,205.431294
609,28,0,1.899966,4.899966
610,28,0,7.3499115,10.3499115
611,28,0,87.565776,90.565776
612,28,0,18.199803,21.199803
613,28,0,124.2154095,127.2154095
614,28,1,412.762524,415.762524
615,28,1,13.466517,16.466517
616,28,1,255.464097,258.464097
617,28,1,63.3160185,66.3160185
618,28,1,139.7485875,142.7485875
619,28,2,82.83249,85.83249
620,28,2,262.8140235,265.8140235
621,28,2,72.199263,75.199263
622,28,2,234.8809695,237.8809695
623,28,2,107.8155735,110.8155735
624,28,2,183.9481455,186.9481455
625,29,0,75.9825585,78.9825585
626,29,0,127.098714,130.098714
627,29,1,100.3823145,103.3823145
628,29,1,261.6473685,264.6473685
629,29,1,143.3485515,146.3485515
630,29,1,118.9154625,121.9154625
631,29,2,316.263489,319.263489
632,29,2,172.5149265,175.5149265
633,29,2,129.865353,132.865353
634,29,2,250.7141445,253.7141445
635,29,2,37.7496075,40.7496075
636,29,2,165.664995,168.664995
637,29,2,332.663325,335.663325
638,29,2,206.731251,209.731251
639,29,2,123.865413,126.865413
640,29,2,81.16584,84.16584
641,29,2,256.7140845,259.7140845
642,29,2,33.799647,36.799647
643,29,2,86.6157855,89.6157855
644,29,2,44.2495425,47.2495425
645,30,0,85.1658,88.1658
646,30,0,228.364368,231.364368
647,30,0,195.8146935,198.8146935
648,30,0,142.16523,145.16523
649,30,0,5.433264,8.433264
650,30,0,119.565456,122.565456
651,30,0,194.431374,197.431374
652,30,0,181.598169,184.598169
653,30,0,46.199523,49.199523
654,30,1,47.966172,50.966172
655,30,1,67.9826385,70.9826385
656,30,1,199.2479925,202.2479925
657,30,1,109.8822195,112.8822195
658,30,1,156.031758,159.031758
659,30,1,97.5490095,100.5490095
660,30,1,224.1144105,227.1144105
661,30,2,154.7817705,157.7817705
662,30,2,50.16615,53.16615
663,30,2,3.1499535,6.1499535
664,30,2,178.998195,181.998195
665,30,2,62.83269,65.83269
666,30,2,97.865673,100.865673
667,30,2,35.332965,38.332965
668,30,2,111.6822015,114.6822015
669,31,0,182.49816,185.49816
670,31,0,19.7164545,22.7164545
671,31,0,7.599909,10.599909
672,31,0,66.865983,69.865983
673,31,1,249.364158,252.364158
674,31,1,54.6161055,57.6161055
675,31,1,16.0831575,19.0831575
676,31,1,5.866593,8.866593
677,31,1,114.9155025,117.9155025
678,31,2,39.966252,42.966252
679,31,2,117.998805,120.998805
680,31,2,9.4498905,12.4498905
681,31,2,22.199763,25.199763
682,32,0,108.0822375,111.0822375
683,32,0,140.83191,143.83191
684,32,0,58.8493965,61.8493965
685,32,0,102.6822915,105.6822915
686,32,0,171.1482735,174.1482735
687,32,1,252.064131,255.064131
688,32,1,289.7804205,292.7804205
689,32,1,324.5800725,327.5800725
690,32,1,327.263379,330.263379
691,32,1,318.2134695,321.2134695
692,32,1,358.029738,361.029738
693,32,1,286.5137865,289.5137865
694,32,1,283.7471475,286.7471475
695,32,1,242.7142245,245.7142245
696,32,1,300.330315,303.330315
697,32,1,355.229766,358.229766
698,32,1,255.2474325,258.2474325
699,32,1,138.5152665,141.5152665
700,32,1,143.9818785,146.9818785
701,32,1,155.3484315,158.3484315
702,32,1,135.0153015,138.0153015
703,32,1,269.197293,272.197293
704,32,1,124.998735,127.998735
705,32,1,320.730111,323.730111
706,32,1,333.929979,336.929979
707,32,2,211.2478725,214.2478725
708,32,2,50.666145,53.666145
709,32,2,161.931699,164.931699
710,32,2,23.399751,26.399751
711,32,2,32.866323,35.866323
712,32,2,121.9154325,124.9154325
713,32,2,76.232556,79.232556
714,32,2,57.2160795,60.2160795
715,32,2,200.7146445,203.7146445
716,32,2,71.532603,74.532603
717,32,2,43.132887,46.132887
718,32,2,186.4814535,189.4814535
719,32,2,68.765964,71.765964
720,32,2,262.797357,265.797357
721,32,2,53.966112,56.966112
722,32,2,81.899166,84.899166
723,32,2,91.6157355,94.6157355
724,32,2,48.799497,51.799497
725,32,2,36.366288,39.366288
726,32,2,165.731661,168.731661
727,32,2,19.0164615,22.0164615
728,32,2,27.0830475,30.0830475
729,32,2,46.6495185,49.6495185
730,32,2,280.530513,283.530513
731,32,2,99.065661,102.065661
732,33,0,108.0489045,111.0489045
733,33,0,9.6832215,12.6832215
734,33,0,62.2826955,65.2826955
735,33,0,77.599209,80.599209
736,33,0,213.5145165,216.5145165
737,33,1,6.3165885,9.3165885
738,33,1,114.998835,117.998835
739,33,1,98.698998,101.698998
740,33,1,218.597799,221.597799
741,33,2,37.0496145,40.0496145
742,33,2,18.4164675,21.4164675
743,33,2,12.3498615,15.3498615
744,33,2,87.3157785,90.3157785
745,34,0,409.8125535,412.8125535
746,34,0,382.296162,385.296162
747,34,0,434.5456395,437.5456395
748,34,0,184.2814755,187.2814755
749,34,0,165.4816635,168.4816635
750,34,0,297.030348,300.030348
751,34,1,64.699338,67.699338
752,34,1,2.799957,5.799957
753,34,1,130.0820175,133.0820175
754,34,2,14.366508,17.366508
755,34,2,221.797767,224.797767
756,35,0,93.6157155,96.6157155
757,35,0,3.8832795,6.8832795
758,35,0,181.764834,184.764834
759,35,0,21.733101,24.733101
760,35,0,97.4156775,100.4156775
761,35,0,11.399871,14.399871
762,35,0,56.49942,59.49942
763,35,0,155.065101,158.065101
764,35,0,106.932249,109.932249
765,35,0,150.065151,153.065151
766,35,0,160.365048,163.365048
767,35,0,43.999545,46.999545
768,35,0,102.5489595,105.5489595
769,35,0,137.3152785,140.3152785
770,35,0,114.765504,117.765504
771,35,0,36.2829555,39.2829555
772,35,0,167.631642,170.631642
773,35,1,8.899896,11.899896
774,35,1,1.7166345,4.7166345
775,35,1,157.331745,160.331745
776,35,1,86.3157885,89.3157885
777,35,1,59.0160615,62.0160615
778,35,1,121.4821035,124.4821035
779,35,1,22.866423,25.866423
780,35,1,44.16621,47.16621
781,35,1,50.2494825,53.2494825
782,35,1,66.265989,69.265989
783,35,1,138.6485985,141.6485985
784,35,1,15.4831635,18.4831635
785,35,1,127.6153755,130.6153755
786,35,2,166.16499,169.16499
787,35,2,111.6155355,114.6155355
788,35,2,129.9820185,132.9820185
789,35,2,2.899956,5.899956
790,35,2,107.032248,110.032248
791,35,2,16.6498185,19.6498185
792,35,2,102.2489625,105.2489625
793,35,2,135.331965,138.331965
794,35,2,150.7818105,153.7818105
795,35,2,80.865843,83.865843
796,35,2,61.8160335,64.8160335
797,35,2,70.16595,73.16595
798,35,2,93.1157205,96.1157205
799,35,2,32.866323,35.866323
800,35,2,123.1820865,126.1820865
801,35,2,57.49941,60.49941
802,35,2,117.9154725,120.9154725
803,35,2,21.233106,24.233106
804,36,0,92.0823975,95.0823975
805,36,0,127.4487105,130.4487105
806,36,0,97.7823405,100.7823405
807,36,0,37.7162745,40.7162745
808,36,1,34.432974,37.432974
809,36,1,263.464017,266.464017
810,36,1,85.465797,88.465797
811,36,1,98.565666,101.565666
812,36,1,162.565026,165.565026
813,36,1,252.564126,255.564126
814,36,1,164.798337,167.798337
815,36,1,213.2145195,216.2145195
816,36,1,234.2143095,237.2143095
817,36,1,245.3141985,248.3141985
818,36,1,208.631232,211.631232
819,36,1,90.365748,93.365748
820,36,1,229.897686,232.897686
821,36,1,270.4472805,273.4472805
822,36,1,229.097694,232.097694
823,36,1,168.0483045,171.0483045
824,36,1,236.897616,239.897616
825,36,1,130.49868,133.49868
826,36,1,156.998415,159.998415
827,36,1,40.3495815,43.3495815
828,36,1,222.7810905,225.7810905
829,36,2,23.8164135,26.8164135
830,36,2,194.264709,197.264709
831,36,2,218.2144695,221.2144695
832,36,2,91.5490695,94.5490695
833,36,2,52.1827965,55.1827965
834,36,2,206.231256,209.231256
835,36,2,220.131117,223.131117
836,36,2,109.665555,112.665555
837,36,2,81.7158345,84.7158345
838,36,2,66.532653,69.532653
839,36,2,203.7479475,206.7479475
840,37,0,236.1476235,239.1476235
841,37,1,11.199873,14.199873
842,37,1,152.798457,155.798457
843,37,1,147.365178,150.365178
844,37,1,60.899376,63.899376
845,37,1,123.432084,126.432084
846,37,1,269.697288,272.697288
847,37,1,196.5813525,199.5813525
848,37,1,149.965152,152.965152
849,37,1,93.6157155,96.6157155
850,37,1,177.83154,180.83154
851,37,1,88.799097,91.799097
852,37,1,272.3805945,275.3805945
853,37,1,77.5158765,80.5158765
854,37,1,210.8145435,213.8145435
855,37,1,34.466307,37.466307
856,37,2,1.8333,4.8333
857,37,2,131.7153345,134.7153345
858,37,2,36.2496225,39.2496225
859,37,2,123.232086,126.232086
860,37,2,57.2494125,60.2494125
861,37,2,5.2832655,8.2832655
862,37,2,129.365358,132.365358
863,37,2,70.0159515,73.0159515
864,38,0,176.8815495,179.8815495
865,38,0,95.5490295,98.5490295
866,38,0,17.666475,20.666475
867,38,1,103.1156205,106.1156205
868,38,1,193.398051,196.398051
869,39,0,248.6474985,251.6474985
870,39,0,225.9810585,228.9810585
871,39,0,255.6807615,258.6807615
872,39,1,147.798507,150.798507
873,39,1,269.6472885,272.6472885
874,39,1,42.6162255,45.6162255
875,39,1,60.1160505,63.1160505
876,39,1,191.1147405,194.1147405
877,39,1,32.16633,35.16633
878,39,1,272.330595,275.330595
879,39,2,30.633012,33.633012
880,39,2,191.031408,194.031408
881,39,2,281.0805075,284.0805075
882,39,2,234.2143095,237.2143095
883,39,2,3.0499545,6.0499545
884,39,2,135.231966,138.231966
885,39,2,276.4472205,279.4472205
886,39,2,350.229816,353.229816
887,39,2,263.2140195,266.2140195
888,40,0,315.663495,318.663495
889,40,0,114.9488355,117.9488355
890,40,0,218.2478025,221.2478025
891,40,0,153.631782,156.631782
892,40,1,177.16488,180.16488
893,40,1,17.699808,20.699808
894,40,2,30.799677,33.799677
895,40,2,198.864663,201.864663
896,40,2,213.697848,216.697848
897,41,0,209.4145575,212.4145575
898,41,0,426.929049,429.929049
899,41,0,411.7792005,414.7792005
900,41,0,157.4150775,160.4150775
901,41,1,152.5817925,155.5817925
902,41,1,158.098404,161.098404
903,41,1,161.0150415,164.0150415
904,41,1,155.598429,158.598429
905,41,1,144.49854,147.49854
906,41,1,170.9816085,173.9816085
907,41,2,185.5481295,188.5481295
908,41,2,106.7155845,109.7155845
909,42,0,365.3463315,368.3463315
910,42,0,125.5487295,128.5487295
911,42,0,138.265269,141.265269
912,42,1,207.7145745,210.7145745
913,42,1,287.263779,290.263779
914,42,2,318.796797,321.796797
915,43,0,35.8496265,38.8496265
916,43,0,42.8162235,45.8162235
917,43,0,82.3158285,85.3158285
918,43,1,77.599209,80.599209
919,43,1,11.233206,14.233206
920,43,1,36.8162835,39.8162835
921,43,1,48.6494985,51.6494985
922,43,1,120.098784,123.098784
923,43,2,88.0491045,91.0491045
924,43,2,227.5477095,230.5477095
925,43,2,336.396621,339.396621
926,43,2,191.9813985,194.9813985
927,43,2,256.8807495,259.8807495
928,43,2,308.130237,311.130237
929,44,1,101.1489735,104.1489735
930,44,1,120.8821095,123.8821095
931,44,1,102.365628,105.365628
932,44,1,78.16587,81.16587
933,44,1,86.6157855,89.6157855
934,44,1,112.732191,115.732191
935,44,1,92.632392,95.632392
936,44,1,90.8824095,93.8824095
937,44,1,129.83202,132.83202
938,44,1,94.5490395,97.5490395
939,44,1,98.132337,101.132337
940,44,1,125.932059,128.932059
941,44,1,105.198933,108.198933
942,44,2,57.699408,60.699408
943,44,2,56.1827565,59.1827565
944,44,2,25.8497265,28.8497265
945,44,2,43.6495485,46.6495485
946,44,2,39.8829195,42.8829195
947,44,2,52.7161245,55.7161245
948,44,2,102.4822935,105.4822935
949,44,2,47.0828475,50.0828475
950,44,2,114.198843,117.198843
951,44,2,110.4155475,113.4155475
952,44,2,103.9489455,106.9489455
953,44,2,96.4156875,99.4156875
954,44,2,30.6830115,33.6830115
955,44,2,99.3823245,102.3823245
956,44,2,61.999365,64.999365
957,44,2,42.1828965,45.1828965
958,44,2,101.032308,104.032308
959,44,2,105.6822615,108.6822615
960,44,2,28.1497035,31.1497035
961,44,2,59.432724,62.432724
962,45,0,232.9143225,235.9143225
963,45,0,269.863953,272.863953
964,45,0,193.564716,196.564716
965,45,1,124.0154115,127.0154115
966,45,1,96.49902,99.49902
967,45,1,86.1491235,89.1491235
968,45,1,141.431904,144.431904
969,45,2,173.864913,176.864913
970,45,2,58.1827365,61.1827365
971,45,2,64.1493435,67.1493435
972,45,2,205.1646,208.1646
973,45,2,46.799517,49.799517
974,45,2,169.6482885,172.6482885
975,46,0,37.6829415,40.6829415
976,46,1,99.3156585,102.3156585
977,46,2,108.7155645,111.7155645
978,46,2,32.366328,35.366328
979,47,0,194.064711,197.064711
980,47,0,142.4485605,145.4485605
981,47,1,73.4159175,76.4159175
982,47,1,252.5141265,255.5141265
983,47,1,92.5823925,95.5823925
984,47,1,214.49784,217.49784
985,47,1,46.1828565,49.1828565
986,47,1,257.7140745,260.7140745
987,47,1,111.565536,114.565536
988,47,1,224.6144055,227.6144055
989,47,2,130.0486845,133.0486845
990,47,2,230.6143455,233.6143455
991,47,2,144.098544,147.098544
992,47,2,197.6813415,200.6813415
993,47,2,42.932889,45.932889
994,47,2,90.932409,93.932409
995,47,2,67.765974,70.765974
996,47,2,16.266489,19.266489
997,47,2,62.6826915,65.6826915
998,47,2,27.4497105,30.4497105
999,47,2,136.4819535,139.4819535
1000,47,2,34.466307,37.466307
1001,47,2,213.731181,216.731181
1002,47,2,86.199123,89.199123
1003,47,2,6.6499185,9.6499185
1004,47,2,164.931669,167.931669
1005,48,0,95.7823605,98.7823605
1006,48,0,36.032958,39.032958
1007,48,0,55.9494255,58.9494255
1008,48,0,18.2498025,21.2498025
1009,48,0,141.1152405,144.1152405
1010,48,0,26.3830545,29.3830545
1011,48,1,150.465147,153.465147
1012,48,1,78.399201,81.399201
1013,48,1,53.16612,56.16612
1014,48,1,57.1494135,60.1494135
1015,48,1,102.6822915,105.6822915
1016,48,1,63.5493495,66.5493495
1017,48,1,67.732641,70.732641
1018,48,2,59.899386,62.899386
1019,48,2,84.065811,87.065811
1020,48,2,249.664155,252.664155
1021,48,2,97.799007,100.799007
1022,48,2,42.366228,45.366228
1023,48,2,154.798437,157.798437
1024,48,2,250.8474765,253.8474765
1025,48,2,203.5479495,206.5479495
1026,48,2,27.633042,30.633042
1027,48,2,187.764774,190.764774
1028,48,2,174.7149045,177.7149045
1029,48,2,144.631872,147.631872
1030,48,2,116.16549,119.16549
1031,48,2,90.799077,93.799077
1032,49,0,193.264719,196.264719
1033,49,0,295.9136925,298.9136925
1034,49,1,66.3826545,69.3826545
1035,49,1,189.16476,192.16476
1036,49,1,151.3484715,154.3484715
1037,49,2,22.9164225,25.9164225
1038,49,2,156.16509,159.16509
1039,50,0,125.2820655,128.2820655
1040,50,0,49.4828235,52.4828235
1041,50,0,72.6492585,75.6492585
1042,50,0,102.83229,105.83229
1043,50,0,40.999575,43.999575
1044,50,0,121.898766,124.898766
1045,50,0,191.0814075,194.0814075
1046,50,0,167.0483145,170.0483145
1047,50,0,174.49824,177.49824
1048,50,0,175.8148935,178.8148935
1049,50,0,27.766374,30.766374
1050,50,0,67.332645,70.332645
1051,50,0,60.83271,63.83271
1052,50,0,64.7826705,67.7826705
1053,50,0,86.4157875,89.4157875
1054,50,0,179.6481885,182.6481885
1055,50,0,52.932789,55.932789
1056,50,0,76.0158915,79.0158915
1057,50,0,140.4485805,143.4485805
1058,50,0,134.1819765,137.1819765
1059,50,0,31.733001,34.733001
1060,50,0,45.1828665,48.1828665
1061,50,0,160.1817165,163.1817165
1062,50,0,108.265569,111.265569
1063,50,0,21.2497725,24.2497725
1064,50,0,16.6498185,19.6498185
1065,50,0,95.1823665,98.1823665
1066,50,0,180.5815125,183.5815125
1067,50,0,136.49862,139.49862
1068,50,0,148.9484955,151.9484955
1069,50,0,81.265839,84.265839
1070,50,0,115.0155015,118.0155015
1071,50,0,169.8149535,172.8149535
1072,50,0,182.4481605,185.4481605
1073,50,0,130.3820145,133.3820145
1074,50,0,90.16575,93.16575
1075,50,0,37.7162745,40.7162745
1076,50,0,9.133227,12.133227
1077,50,0,84.599139,87.599139
1078,50,0,171.731601,174.731601
1079,50,0,78.7158645,81.7158645
1080,50,0,186.8481165,189.8481165
1081,50,0,110.865543,113.865543
1082,50,0,164.1150105,167.1150105
1083,50,1,145.6151955,148.6151955
1084,50,1,189.631422,192.631422
1085,50,1,4.4166075,7.4166075
1086,50,1,175.6482285,178.6482285
1087,50,1,127.232046,130.232046
1088,50,1,189.131427,192.131427
1089,50,1,164.2150095,167.2150095
1090,50,1,139.49859,142.49859
1091,50,1,176.064891,179.064891
1092,50,1,78.365868,81.365868
1093,50,1,42.032898,45.032898
1094,50,1,176.431554,179.431554
1095,50,1,188.2147695,191.2147695
1096,50,1,90.199083,93.199083
1097,50,1,128.1820365,131.1820365
1098,50,1,65.932659,68.932659
1099,50,1,79.1158605,82.1158605
1100,50,1,177.0148815,180.0148815
1101,50,1,30.666345,33.666345
1102,50,1,104.7489375,107.7489375
1103,50,1,89.599089,92.599089
1104,50,1,138.1486035,141.1486035
1105,50,1,91.765734,94.765734
1106,50,1,162.8816895,165.8816895
1107,50,1,165.031668,168.031668
1108,50,1,77.232546,80.232546
1109,50,1,95.0157015,98.0157015
1110,50,1,172.16493,175.16493
1111,50,1,74.865903,77.865903
1112,50,1,142.9485555,145.9485555
1113,50,1,94.1490435,97.1490435
1114,50,1,69.49929,72.49929
1115,50,1,173.0815875,176.0815875
1116,50,1,166.9816485,169.9816485
1117,50,1,20.366448,23.366448
1118,50,1,44.799537,47.799537
1119,50,1,52.066131,55.066131
1120,50,1,76.065891,79.065891
1121,50,1,166.3816545,169.3816545
1122,50,1,141.7485675,144.7485675
1123,50,1,93.199053,96.199053
1124,50,1,150.331815,153.331815
1125,50,1,67.9493055,70.9493055
1126,50,1,165.49833,168.49833
1127,50,1,126.3153885,129.3153885
1128,50,1,174.798237,177.798237
1129,50,1,140.698578,143.698578
1130,50,1,189.998085,192.998085
1131,50,1,129.16536,132.16536
1132,50,1,56.3494215,59.3494215
1133,50,1,162.431694,165.431694
1134,50,1,180.131517,183.131517
1135,50,1,135.3152985,138.3152985
1136,50,1,160.2150495,163.2150495
1137,50,1,62.5826925,65.5826925
1138,50,1,156.49842,159.49842
1139,50,1,85.899126,88.899126
1140,50,1,131.8819995,134.8819995
1141,50,1,134.531973,137.531973
1142,50,1,62.0826975,65.0826975
1143,50,1,180.9815085,183.9815085
1144,50,1,156.998415,159.998415
1145,50,1,159.298392,162.298392
1146,50,1,12.5165265,15.5165265
1147,50,1,133.898646,136.898646
1148,50,1,83.799147,86.799147
1149,50,1,158.7817305,161.7817305
1150,50,1,182.7148245,185.7148245
1151,50,1,158.5817325,161.5817325
1152,50,1,181.9481655,184.9481655
1153,50,1,11.3832045,14.3832045
1154,50,1,182.3814945,185.3814945
1155,50,1,63.0160215,66.0160215
1156,50,1,160.598379,163.598379
1157,50,1,81.965832,84.965832
1158,50,1,130.865343,133.865343
1159,50,1,31.5830025,34.5830025
1160,50,1,137.331945,140.331945
1161,50,1,80.4158475,83.4158475
1162,50,1,64.6160055,67.6160055
1163,50,1,186.5147865,189.5147865
1164,50,1,178.264869,181.264869
1165,50,1,154.1484435,157.1484435
1166,50,1,136.998615,139.998615
1167,50,1,185.964792,188.964792
1168,50,1,178.764864,181.764864
1169,50,1,0.733311,3.733311
1170,50,1,64.0826775,67.0826775
1171,50,1,161.4483705,164.4483705
1172,50,1,81.2491725,84.2491725
1173,50,1,130.298682,133.298682
1174,50,1,161.131707,164.131707
1175,50,1,179.2815255,182.2815255
1176,50,1,155.2150995,158.2150995
1177,50,1,38.732931,41.732931
1178,50,1,160.931709,163.931709
1179,50,1,33.032988,36.032988
1180,50,1,155.631762,158.631762
1181,50,1,136.6486185,139.6486185
1182,50,1,99.4489905,102.4489905
1183,50,1,158.265069,161.265069
1184,50,1,25.2497325,28.2497325
1185,50,1,144.83187,147.83187
1186,50,1,170.3482815,173.3482815
1187,50,1,146.16519,149.16519
1188,50,1,48.199503,51.199503
1189,50,1,169.531623,172.531623
1190,50,1,23.9164125,26.9164125
1191,50,1,22.5830925,25.5830925
1192,50,1,72.9825885,75.9825885
1193,50,1,98.565666,101.565666
1194,50,1,96.7823505,99.7823505
1195,50,1,71.3492715,74.3492715
1196,50,2,92.5823925,95.5823925
1197,50,2,165.2149995,168.2149995
1198,50,2,37.366278,40.366278
1199,50,2,176.731551,179.731551
1200,50,2,57.932739,60.932739
1201,50,2,162.465027,165.465027
1202,50,2,1.299972,4.299972
1203,50,2,167.49831,170.49831
1204,50,2,206.7479175,209.7479175
1205,50,2,38.999595,41.999595
1206,50,2,55.466097,58.466097
1207,50,2,72.6825915,75.6825915
1208,50,2,105.365598,108.365598
1209,50,2,164.031678,167.031678
1210,50,2,77.999205,80.999205
1211,50,2,216.731151,219.731151
1212,50,2,74.432574,77.432574
1213,50,2,46.432854,49.432854
1214,50,2,107.6155755,110.6155755
1215,50,2,67.332645,70.332645
1216,50,2,171.1149405,174.1149405
1217,50,2,60.8493765,63.8493765
1218,50,2,53.199453,56.199453
1219,50,2,208.6478985,211.6478985
1220,50,2,81.032508,84.032508
1221,50,2,198.2146695,201.2146695
1222,50,2,18.466467,21.466467
1223,50,2,116.265489,119.265489
1224,50,2,211.364538,214.364538
1225,50,2,123.932079,126.932079
1226,50,2,201.731301,204.731301
1227,50,2,9.299892,12.299892
1228,50,2,205.3479315,208.3479315
1229,50,2,12.9831885,15.9831885
1230,50,2,26.899716,29.899716
1231,50,2,98.16567,101.16567
1232,50,2,89.49909,92.49909
1233,50,2,45.3828645,48.3828645
1234,50,2,146.998515,149.998515
1235,50,2,84.4824735,87.4824735
1236,50,2,145.265199,148.265199
1237,50,2,63.8160135,66.8160135
1238,50,2,86.299122,89.299122
1239,50,2,16.0831575,19.0831575
1240,50,2,22.966422,25.966422
1241,50,2,7.399911,10.399911
1242,50,2,82.6491585,85.6491585
