participant,song,id,s,m,start,end
0,0,22091,368.1796515,6.136327525,366.6796515,369.6796515
0,0,15435,257.2474275,4.287457125,255.7474275,258.7474275
0,0,3999,66.6493335,1.110822225,65.1493335,68.1493335
0,0,11377,189.6147705,3.160246175,188.1147705,191.1147705
0,0,19683,328.0467195,5.467445325,326.5467195,329.5467195
0,0,14610,243.497565,4.05829275,241.997565,244.997565
0,0,12054,200.897991,3.34829985,199.397991,202.397991
0,0,2274,37.899621,0.63166035,36.399621,39.399621
0,0,11746,195.764709,3.26274515,194.264709,197.264709
0,0,9987,166.4483355,2.774138925,164.9483355,167.9483355
0,0,3778,62.966037,1.04943395,61.466037,64.466037
0,0,23049,384.1461585,6.402435975,382.6461585,385.6461585
0,0,20638,343.963227,5.73272045,342.463227,345.463227
0,0,12826,213.764529,3.56274215,212.264529,215.264529
0,0,6091,101.5156515,1.691927525,100.0156515,103.0156515
0,0,12334,205.564611,3.42607685,204.064611,207.064611
0,0,23653,394.2127245,6.570212075,392.7127245,395.7127245
0,0,17794,296.563701,4.94272835,295.063701,298.063701
0,0,5490,91.499085,1.52498475,89.999085,92.999085
0,0,4461,74.3492565,1.239154275,72.8492565,75.8492565
0,0,181,3.0166365,0.050277275,1.5166365,4.5166365
0,0,6979,116.3155035,1.938591725,114.8155035,117.8155035
0,0,17045,284.0804925,4.734674875,282.5804925,285.5804925
0,0,9075,151.2484875,2.520808125,149.7484875,152.7484875
0,0,11600,193.3314,3.22219,191.8314,194.8314
0,0,16498,274.963917,4.58273195,273.463917,276.463917
0,0,15111,251.8474815,4.197458025,250.3474815,253.3474815
0,0,4283,71.3826195,1.189710325,69.8826195,72.8826195
0,0,8320,138.66528,2.311088,137.16528,140.16528
0,0,24198,403.295967,6.72159945,401.795967,404.795967
0,0,10259,170.9816235,2.849693725,169.4816235,172.4816235
0,1,10853,180.8815245,3.014692075,179.3815245,182.3815245
0,1,3254,54.232791,0.90387985,52.732791,55.732791
0,1,541,9.0165765,0.150276275,7.5165765,10.5165765
0,1,11948,199.131342,3.3188557,197.631342,200.631342
0,1,1599,26.6497335,0.444162225,25.1497335,28.1497335
0,1,6734,112.232211,1.87053685,110.732211,113.732211
0,1,2662,44.366223,0.73943705,42.866223,45.866223
0,1,12680,211.33122,3.522187,209.83122,212.83122
0,1,11749,195.8147085,3.263578475,194.3147085,197.3147085
0,1,12830,213.831195,3.56385325,212.331195,215.331195
0,1,9747,162.4483755,2.707472925,160.9483755,163.9483755
0,1,15359,255.9807735,4.266346225,254.4807735,257.4807735
0,1,9636,160.598394,2.6766399,159.098394,162.098394
0,1,3692,61.532718,1.0255453,60.032718,63.032718
0,1,7420,123.66543,2.0610905,122.16543,125.16543
0,1,14763,246.0475395,4.100792325,244.5475395,247.5475395
0,1,14513,241.8809145,4.031348575,240.3809145,243.3809145
0,1,11377,189.6147705,3.160246175,188.1147705,191.1147705
0,1,7263,121.0487895,2.017479825,119.5487895,122.5487895
0,1,10378,172.964937,2.88274895,171.464937,174.464937
0,1,12168,202.797972,3.3799662,201.297972,204.297972
0,1,12449,207.4812585,3.458020975,205.9812585,208.9812585
0,1,2971,49.5161715,0.825269525,48.0161715,51.0161715
0,1,434,7.233261,0.12055435,5.733261,8.733261
0,1,1948,32.466342,0.5411057,30.966342,33.966342
0,1,4327,72.1159455,1.201932425,70.6159455,73.6159455
0,1,5809,96.8156985,1.613594975,95.3156985,98.3156985
0,1,13493,224.8810845,3.748018075,223.3810845,226.3810845
0,1,14088,234.797652,3.9132942,233.297652,236.297652
0,2,7726,128.765379,2.14608965,127.265379,130.265379
0,2,11360,189.33144,3.155524,187.83144,190.83144
0,2,16868,281.130522,4.6855087,279.630522,282.630522
0,2,17150,285.830475,4.76384125,284.330475,287.330475
0,2,8042,134.031993,2.23386655,132.531993,135.531993
0,2,13853,230.8810245,3.848017075,229.3810245,232.3810245
0,2,12255,204.2479575,3.404132625,202.7479575,205.7479575
0,2,13301,221.6811165,3.694685275,220.1811165,223.1811165
0,2,15790,263.164035,4.38606725,261.664035,264.664035
0,2,13588,226.464402,3.7744067,224.964402,227.964402
0,2,16753,279.2138745,4.653564575,277.7138745,280.7138745
0,2,5596,93.265734,1.5544289,91.765734,94.765734
0,2,14024,233.730996,3.8955166,232.230996,235.230996
0,2,8189,136.4819685,2.274699475,134.9819685,137.9819685
0,2,5389,89.8157685,1.496929475,88.3157685,91.3157685
0,2,15532,258.864078,4.3144013,257.364078,260.364078
0,2,14486,241.430919,4.02384865,239.930919,242.930919
0,2,15438,257.297427,4.28829045,255.797427,258.797427
0,2,16356,272.597274,4.5432879,271.097274,274.097274
0,2,14225,237.0809625,3.951349375,235.5809625,238.5809625
0,2,14652,244.197558,4.0699593,242.697558,245.697558
0,2,8854,147.565191,2.45941985,146.065191,149.065191
0,2,9125,152.0818125,2.534696875,150.5818125,153.5818125
0,2,2070,34.499655,0.57499425,32.999655,35.999655
0,2,16020,266.99733,4.4499555,265.49733,268.49733
0,2,11734,195.564711,3.25941185,194.064711,197.064711
0,2,7579,126.3154035,2.105256725,124.8154035,127.8154035
1,0,288,4.799952,0.0799992,3.299952,6.299952
1,0,11665,194.4147225,3.240245375,192.9147225,195.9147225
1,0,11081,184.6814865,3.078024775,183.1814865,186.1814865
1,0,3661,61.0160565,1.016934275,59.5160565,62.5160565
1,0,11602,193.364733,3.22274555,191.864733,194.864733
1,0,14418,240.297597,4.00495995,238.797597,241.797597
1,0,11565,192.7480725,3.212467875,191.2480725,194.2480725
1,0,14656,244.264224,4.0710704,242.764224,245.764224
1,0,9552,159.198408,2.6533068,157.698408,160.698408
1,0,711,11.8498815,0.197498025,10.3498815,13.3498815
1,0,2969,49.4828385,0.824713975,47.9828385,50.9828385
1,0,9769,162.8150385,2.713583975,161.3150385,164.3150385
1,0,8480,141.33192,2.355532,139.83192,142.83192
1,0,6284,104.732286,1.7455381,103.232286,106.232286
1,0,2430,40.499595,0.67499325,38.999595,41.999595
1,1,2825,47.0828625,0.784714375,45.5828625,48.5828625
1,1,9658,160.965057,2.68275095,159.465057,162.465057
1,1,6068,101.132322,1.6855387,99.632322,102.632322
1,1,9551,159.1817415,2.653029025,157.6817415,160.6817415
1,1,7204,120.065466,2.0010911,118.565466,121.565466
1,1,1486,24.766419,0.41277365,23.266419,26.266419
1,1,10048,167.464992,2.7910832,165.964992,168.964992
1,1,4733,78.8825445,1.314709075,77.3825445,80.3825445
1,1,11432,190.531428,3.1755238,189.031428,192.031428
1,1,6009,100.1489985,1.669149975,98.6489985,101.6489985
1,1,2849,47.4828585,0.791380975,45.9828585,48.9828585
1,1,5697,94.9490505,1.582484175,93.4490505,96.4490505
1,1,6695,111.5822175,1.859703625,110.0822175,113.0822175
1,1,6250,104.165625,1.73609375,102.665625,105.665625
1,1,5772,96.199038,1.6033173,94.699038,97.699038
1,1,7109,118.4821485,1.974702475,116.9821485,119.9821485
1,1,313,5.2166145,0.086943575,3.7166145,6.7166145
1,1,13803,230.0476995,3.834128325,228.5476995,231.5476995
1,1,247,4.1166255,0.068610425,2.6166255,5.6166255
1,1,4215,70.2492975,1.170821625,68.7492975,71.7492975
1,1,5804,96.732366,1.6122061,95.232366,98.232366
1,1,9632,160.531728,2.6755288,159.031728,162.031728
1,1,7235,120.5821275,2.009702125,119.0821275,122.0821275
1,1,4812,80.199198,1.3366533,78.699198,81.699198
1,1,10023,167.0483295,2.784138825,165.5483295,168.5483295
1,1,5922,98.699013,1.64498355,97.199013,100.199013
1,1,2874,47.899521,0.79832535,46.399521,49.399521
1,1,10804,180.064866,3.0010811,178.564866,181.564866
1,1,10335,172.2482775,2.870804625,170.7482775,173.7482775
1,1,10311,171.8482815,2.864138025,170.3482815,173.3482815
1,1,15984,266.397336,4.4399556,264.897336,267.897336
1,1,2406,40.099599,0.66832665,38.599599,41.599599
1,1,5746,95.765709,1.59609515,94.265709,97.265709
1,1,14064,234.397656,3.9066276,232.897656,235.897656
1,1,3663,61.0493895,1.017489825,59.5493895,62.5493895
1,1,3139,52.3161435,0.871935725,50.8161435,53.8161435
1,1,6587,109.7822355,1.829703925,108.2822355,111.2822355
1,1,6340,105.66561,1.7610935,104.16561,107.16561
1,1,10838,180.631527,3.01052545,179.131527,182.131527
1,1,6309,105.1489485,1.752482475,103.6489485,106.6489485
1,1,14551,242.5142415,4.041904025,241.0142415,244.0142415
1,1,13522,225.364413,3.75607355,223.864413,226.864413
1,1,6648,110.798892,1.8466482,109.298892,112.298892
1,1,9688,161.465052,2.6910842,159.965052,162.965052
1,1,11230,187.164795,3.11941325,185.664795,188.664795
1,1,2057,34.2829905,0.571383175,32.7829905,35.7829905
1,1,7154,119.232141,1.98720235,117.732141,120.732141
1,1,8595,143.2485675,2.387476125,141.7485675,144.7485675
1,1,5853,97.5490245,1.625817075,96.0490245,99.0490245
1,1,9591,159.8484015,2.664140025,158.3484015,161.3484015
1,1,9825,163.7483625,2.729139375,162.2483625,165.2483625
1,1,7179,119.6488035,1.994146725,118.1488035,121.1488035
1,1,6274,104.565621,1.74276035,103.065621,106.065621
1,1,1159,19.3164735,0.321941225,17.8164735,20.8164735
1,1,5886,98.099019,1.63498365,96.599019,99.599019
1,2,13227,220.4477955,3.674129925,218.9477955,221.9477955
1,2,4328,72.132612,1.2022102,70.632612,73.632612
1,2,5631,93.8490615,1.564151025,92.3490615,95.3490615
1,2,9852,164.198358,2.7366393,162.698358,165.698358
1,2,8911,148.5151815,2.475253025,147.0151815,150.0151815
1,2,6548,109.132242,1.8188707,107.632242,110.632242
1,2,1266,21.099789,0.35166315,19.599789,22.599789
1,2,6456,107.598924,1.7933154,106.098924,109.098924
1,2,11791,196.5147015,3.275245025,195.0147015,198.0147015
1,2,9043,150.7151595,2.511919325,149.2151595,152.2151595
1,2,8835,147.2485275,2.454142125,145.7485275,148.7485275
1,2,3252,54.199458,0.9033243,52.699458,55.699458
1,2,9931,165.5150115,2.758583525,164.0150115,167.0150115
1,2,6770,112.832205,1.88053675,111.332205,114.332205
1,2,3335,55.5827775,0.926379625,54.0827775,57.0827775
1,2,3190,53.166135,0.88610225,51.666135,54.666135
1,2,9323,155.3817795,2.589696325,153.8817795,156.8817795
1,2,9269,154.4817885,2.574696475,152.9817885,155.9817885
1,2,11620,193.66473,3.2277455,192.16473,195.16473
1,2,5120,85.33248,1.422208,83.83248,86.83248
1,2,4853,80.8825245,1.348042075,79.3825245,82.3825245
1,2,560,9.33324,0.155554,7.83324,10.83324
2,2,2719,45.3162135,0.755270225,43.8162135,46.8162135
3,0,12716,211.931214,3.5321869,210.431214,213.431214
3,0,18084,301.396986,5.0232831,299.896986,302.896986
3,0,10247,170.7816255,2.846360425,169.2816255,172.2816255
3,0,14769,246.1475385,4.102458975,244.6475385,247.6475385
3,0,14367,239.4476055,3.990793425,237.9476055,240.9476055
3,0,9196,153.265134,2.5544189,151.765134,154.765134
3,0,13693,228.2143845,3.803573075,226.7143845,229.7143845
3,0,9879,164.6483535,2.744139225,163.1483535,166.1483535
3,0,18570,309.496905,5.15828175,307.996905,310.996905
3,1,15446,257.430759,4.29051265,255.930759,258.930759
3,1,4349,72.4826085,1.208043475,70.9826085,73.9826085
3,1,14354,239.230941,3.98718235,237.730941,240.730941
3,1,6140,102.33231,1.7055385,100.83231,103.83231
3,1,2786,46.432869,0.77388115,44.932869,47.932869
3,1,1701,28.3497165,0.472495275,26.8497165,29.8497165
3,1,12634,210.564561,3.50940935,209.064561,212.064561
3,1,3446,57.432759,0.95721265,55.932759,58.932759
3,1,5453,90.8824245,1.514707075,89.3824245,92.3824245
3,1,1417,23.6164305,0.393607175,22.1164305,25.1164305
3,1,11270,187.831455,3.13052425,186.331455,189.331455
3,1,10480,174.66492,2.911082,173.16492,176.16492
3,1,13294,221.564451,3.69274085,220.064451,223.064451
3,1,13869,231.1476885,3.852461475,229.6476885,232.6476885
3,2,2476,41.266254,0.6877709,39.766254,42.766254
3,2,8477,141.2819205,2.354698675,139.7819205,142.7819205
3,2,3303,55.0494495,0.917490825,53.5494495,56.5494495
3,2,2654,44.232891,0.73721485,42.732891,45.732891
3,2,5290,88.165785,1.46942975,86.665785,89.665785
3,2,6947,115.7821755,1.929702925,114.2821755,117.2821755
3,2,12601,210.0145665,3.500242775,208.5145665,211.5145665
3,2,4085,68.0826525,1.134710875,66.5826525,69.5826525
3,2,2920,48.66618,0.811103,47.16618,50.16618
3,2,11496,191.598084,3.1933014,190.098084,193.098084
3,2,4675,77.9158875,1.298598125,76.4158875,79.4158875
3,2,1655,27.5830575,0.459717625,26.0830575,29.0830575
3,2,6736,112.265544,1.8710924,110.765544,113.765544
4,0,25906,431.762349,7.19603915,430.262349,433.262349
4,0,28903,481.7118495,8.028530825,480.2118495,483.2118495
4,0,19541,325.6800765,5.428001275,324.1800765,327.1800765
4,0,26949,449.1455085,7.485758475,447.6455085,450.6455085
5,1,2979,49.6495035,0.827491725,48.1495035,51.1495035
5,1,1039,17.3164935,0.288608225,15.8164935,18.8164935
5,1,7753,129.2153745,2.153589575,127.7153745,130.7153745
5,2,1849,30.8163585,0.513605975,29.3163585,32.3163585
5,2,431,7.1832615,0.119721025,5.6832615,8.6832615
6,0,6830,113.832195,1.89720325,112.332195,115.332195
6,0,3464,57.732756,0.9622126,56.232756,59.232756
6,1,1855,30.9163575,0.515272625,29.4163575,32.4163575
6,2,3480,57.99942,0.966657,56.49942,59.49942
6,2,152,2.533308,0.0422218,1.033308,4.033308
6,2,5908,98.465682,1.6410947,96.965682,99.965682
6,2,10825,180.4148625,3.006914375,178.9148625,181.9148625
6,2,14121,235.3476465,3.922460775,233.8476465,236.8476465
7,0,19031,317.1801615,5.286336025,315.6801615,318.6801615
7,0,230,3.833295,0.06388825,2.333295,5.333295
7,0,913,15.2165145,0.253608575,13.7165145,16.7165145
7,1,3394,56.566101,0.94276835,55.066101,58.066101
7,1,16291,271.5139515,4.525232525,270.0139515,273.0139515
7,1,3271,54.5161215,0.908602025,53.0161215,56.0161215
7,1,239,3.9832935,0.066388225,2.4832935,5.4832935
7,1,1795,29.9163675,0.498606125,28.4163675,31.4163675
7,2,1232,20.533128,0.3422188,19.033128,22.033128
7,2,1864,31.066356,0.5177726,29.566356,32.566356
7,2,8397,139.9486005,2.332476675,138.4486005,141.4486005
7,2,8617,143.6152305,2.393587175,142.1152305,145.1152305
7,2,9573,159.5484045,2.659140075,158.0484045,161.0484045
8,0,436,7.266594,0.1211099,5.766594,8.766594
8,1,3833,63.8826945,1.064711575,62.3826945,65.3826945
8,1,2144,35.732976,0.5955496,34.232976,37.232976
8,1,5566,92.765739,1.54609565,91.265739,94.265739
8,2,7063,117.7154895,1.961924825,116.2154895,119.2154895
8,2,8551,142.5152415,2.375254025,141.0152415,144.0152415
8,2,4241,70.6826265,1.178043775,69.1826265,72.1826265
9,0,25710,428.495715,7.14159525,426.995715,429.995715
9,0,24801,413.3458665,6.889097775,411.8458665,414.8458665
9,0,2853,47.5495245,0.792492075,46.0495245,49.0495245
9,0,5045,84.0824925,1.401374875,82.5824925,85.5824925
9,0,8254,137.565291,2.29275485,136.065291,139.065291
9,1,11881,198.0146865,3.300244775,196.5146865,199.5146865
9,1,13665,227.7477225,3.795795375,226.2477225,229.2477225
9,1,6934,115.565511,1.92609185,114.065511,117.065511
9,1,8198,136.631967,2.27719945,135.131967,138.131967
9,2,19033,317.2134945,5.286891575,315.7134945,318.7134945
9,2,13168,219.464472,3.6577412,217.964472,220.964472
9,2,20749,345.8132085,5.763553475,344.3132085,347.3132085
9,2,18588,309.796902,5.1632817,308.296902,311.296902
9,2,17360,289.33044,4.822174,287.83044,290.83044
9,2,5518,91.965747,1.53276245,90.465747,93.465747
9,2,19523,325.3800795,5.423001325,323.8800795,326.8800795
10,1,1640,27.33306,0.455551,25.83306,28.83306
10,2,3484,58.066086,0.9677681,56.566086,59.566086
11,0,1605,26.7497325,0.445828875,25.2497325,28.2497325
11,0,5011,83.5158315,1.391930525,82.0158315,85.0158315
11,0,5708,95.132382,1.5855397,93.632382,96.632382
11,0,6547,109.1155755,1.818592925,107.6155755,110.6155755
11,0,948,15.799842,0.2633307,14.299842,17.299842
11,0,2923,48.7161795,0.811936325,47.2161795,50.2161795
11,1,10310,171.831615,2.86386025,170.331615,173.331615
11,1,167,2.7833055,0.046388425,1.2833055,4.2833055
11,1,8136,135.598644,2.2599774,134.098644,137.098644
11,1,3006,50.099499,0.83499165,48.599499,51.599499
11,1,4467,74.4492555,1.240820925,72.9492555,75.9492555
11,1,6661,111.0155565,1.850259275,109.5155565,112.5155565
11,1,2277,37.9496205,0.632493675,36.4496205,39.4496205
11,2,854,14.233191,0.23721985,12.733191,15.733191
11,2,6955,115.9155075,1.931925125,114.4155075,117.4155075
11,2,18667,311.1135555,5.185225925,309.6135555,312.6135555
11,2,5256,87.599124,1.4599854,86.099124,89.099124
11,2,1714,28.566381,0.47610635,27.066381,30.066381
12,0,8271,137.8486215,2.297477025,136.3486215,139.3486215
12,0,9397,156.6151005,2.610251675,155.1151005,158.1151005
12,0,13255,220.9144575,3.681907625,219.4144575,222.4144575
12,0,10252,170.864958,2.8477493,169.364958,172.364958
12,0,18914,315.230181,5.25383635,313.730181,316.730181
12,0,18601,310.0135665,5.166892775,308.5135665,311.5135665
12,0,13555,225.9144075,3.765240125,224.4144075,227.4144075
12,0,8687,144.7818855,2.413031425,143.2818855,146.2818855
12,0,19587,326.4467355,5.440778925,324.9467355,327.9467355
12,0,21499,358.3130835,5.971884725,356.8130835,359.8130835
12,0,7331,122.1821115,2.036368525,120.6821115,123.6821115
12,1,6037,100.6156605,1.676927675,99.1156605,102.1156605
12,1,3836,63.932694,1.0655449,62.432694,65.432694
12,1,11429,190.4814285,3.174690475,188.9814285,191.9814285
12,1,9324,155.398446,2.5899741,153.898446,156.898446
12,1,9019,150.3151635,2.505252725,148.8151635,151.8151635
12,1,7018,116.965497,1.94942495,115.465497,118.465497
12,1,4231,70.5159615,1.175266025,69.0159615,72.0159615
12,1,8629,143.8152285,2.396920475,142.3152285,145.3152285
12,1,8385,139.7486025,2.329143375,138.2486025,141.2486025
12,1,7935,132.2486775,2.204144625,130.7486775,133.7486775
12,1,13178,219.631137,3.66051895,218.131137,221.131137
12,1,11655,194.2480575,3.237467625,192.7480575,195.7480575
12,2,4969,82.8158385,1.380263975,81.3158385,84.3158385
12,2,3497,58.2827505,0.971379175,56.7827505,59.7827505
12,2,9546,159.098409,2.65164015,157.598409,160.598409
12,2,2050,34.166325,0.56943875,32.666325,35.666325
13,1,36143,602.3773095,10.039621825,600.8773095,603.8773095
13,1,33016,550.261164,9.1710194,548.761164,551.761164
13,1,32295,538.2446175,8.970743625,536.7446175,539.7446175
13,1,32034,533.894661,8.89824435,532.394661,535.394661
13,1,35711,595.1773815,9.919623025,593.6773815,596.6773815
13,2,14963,249.3808395,4.156347325,247.8808395,250.8808395
14,0,4294,71.565951,1.19276585,70.065951,73.065951
14,1,15819,263.6473635,4.394122725,262.1473635,265.1473635
14,1,6879,114.6488535,1.910814225,113.1488535,116.1488535
14,1,16499,274.9805835,4.583009725,273.4805835,276.4805835
14,1,8391,139.8486015,2.330810025,138.3486015,141.3486015
14,1,4917,81.9491805,1.365819675,80.4491805,83.4491805
14,1,18385,306.4136025,5.106893375,304.9136025,307.9136025
14,1,15536,258.930744,4.3155124,257.430744,260.430744
14,2,6613,110.2155645,1.836926075,108.7155645,111.7155645
14,2,2032,33.866328,0.5644388,32.366328,35.366328
15,0,5239,87.3157935,1.455263225,85.8157935,88.8157935
15,0,13131,218.8478115,3.647463525,217.3478115,220.3478115
15,0,6182,103.032303,1.71720505,101.532303,104.532303
15,1,4742,79.032543,1.31720905,77.532543,80.532543
15,2,5187,86.4491355,1.440818925,84.9491355,87.9491355
15,2,3059,50.9828235,0.849713725,49.4828235,52.4828235
15,2,789,13.1498685,0.219164475,11.6498685,14.6498685
15,2,7517,125.2820805,2.088034675,123.7820805,126.7820805
15,2,3444,57.399426,0.9566571,55.899426,58.899426
16,2,15151,252.5141415,4.208569025,251.0141415,254.0141415
16,2,15535,258.9140775,4.315234625,257.4140775,260.4140775
16,2,3447,57.4494255,0.957490425,55.9494255,58.9494255
16,2,13397,223.2811005,3.721351675,221.7811005,224.7811005
17,0,9408,156.798432,2.6133072,155.298432,158.298432
17,0,6353,105.8822745,1.764704575,104.3822745,107.3822745
17,0,3150,52.499475,0.87499125,50.999475,53.999475
17,1,7904,131.732016,2.1955336,130.232016,133.232016
17,1,5977,99.6156705,1.660261175,98.1156705,101.1156705
17,1,11647,194.1147255,3.235245425,192.6147255,195.6147255
17,2,3483,58.0494195,0.967490325,56.5494195,59.5494195
17,2,4183,69.7159695,1.161932825,68.2159695,71.2159695
17,2,4550,75.832575,1.26387625,74.332575,77.332575
18,0,17944,299.063676,4.9843946,297.563676,300.563676
18,0,16754,279.230541,4.65384235,277.730541,280.730541
18,0,17319,288.6471135,4.810785225,287.1471135,290.1471135
18,0,16423,273.7139295,4.561898825,272.2139295,275.2139295
18,0,14371,239.5142715,3.991904525,238.0142715,241.0142715
18,0,13658,227.631057,3.79385095,226.131057,229.131057
18,0,19832,330.530028,5.5088338,329.030028,332.030028
18,0,12706,211.764549,3.52940915,210.264549,213.264549
18,1,12727,212.1145455,3.535242425,210.6145455,213.6145455
18,1,15123,252.0474795,4.200791325,250.5474795,253.5474795
18,1,9793,163.2150345,2.720250575,161.7150345,164.7150345
18,1,7322,122.032113,2.03386855,120.532113,123.532113
18,1,12464,207.731256,3.4621876,206.231256,209.231256
18,2,16490,274.830585,4.58050975,273.330585,276.330585
18,2,13688,228.131052,3.8021842,226.631052,229.631052
18,2,5489,91.4824185,1.524706975,89.9824185,92.9824185
18,2,15589,259.8140685,4.330234475,258.3140685,261.3140685
18,2,13408,223.464432,3.7244072,221.964432,224.964432
18,2,15203,253.3807995,4.223013325,251.8807995,254.8807995
18,2,7741,129.0153765,2.150256275,127.5153765,130.5153765
18,2,4803,80.0491995,1.334153325,78.5491995,81.5491995
18,2,14468,241.130922,4.0188487,239.630922,242.630922
18,2,11485,191.4147525,3.190245875,189.9147525,192.9147525
18,2,9774,162.898371,2.71497285,161.398371,164.398371
18,2,7258,120.965457,2.01609095,119.465457,122.465457
18,2,6001,100.0156665,1.666927775,98.5156665,101.5156665
18,2,18099,301.6469835,5.027449725,300.1469835,303.1469835
18,2,10592,176.531568,2.9421928,175.031568,178.031568
18,2,14011,233.5143315,3.891905525,232.0143315,235.0143315
18,2,15908,265.130682,4.4188447,263.630682,266.630682
18,2,9110,151.831815,2.53053025,150.331815,153.331815
19,0,9517,158.6150805,2.643584675,157.1150805,160.1150805
19,0,2786,46.432869,0.77388115,44.932869,47.932869
19,1,11607,193.4480655,3.224134425,191.9480655,194.9480655
19,1,5167,86.1158055,1.435263425,84.6158055,87.6158055
19,1,8601,143.3485665,2.389142775,141.8485665,144.8485665
19,1,2412,40.199598,0.6699933,38.699598,41.699598
19,1,14696,244.930884,4.0821814,243.430884,246.430884
19,1,19378,322.963437,5.38272395,321.463437,324.463437
19,2,3469,57.8160885,0.963601475,56.3160885,59.3160885
19,2,12728,212.131212,3.5355202,210.631212,213.631212
19,2,9845,164.0816925,2.734694875,162.5816925,165.5816925
19,2,1758,29.299707,0.48832845,27.799707,30.799707
20,0,5419,90.3157635,1.505262725,88.8157635,91.8157635
20,0,4146,69.099309,1.15165515,67.599309,70.599309
20,0,6144,102.398976,1.7066496,100.898976,103.898976
20,0,8813,146.8818645,2.448031075,145.3818645,148.3818645
20,0,2878,47.966187,0.79943645,46.466187,49.466187
20,1,25527,425.4457455,7.090762425,423.9457455,426.9457455
20,1,2657,44.2828905,0.738048175,42.7828905,45.7828905
20,1,21933,365.5463445,6.092439075,364.0463445,367.0463445
20,1,29650,494.161725,8.23602875,492.661725,495.661725
20,1,18828,313.796862,5.2299477,312.296862,315.296862
20,1,4633,77.2158945,1.286931575,75.7158945,78.7158945
20,1,27174,452.895471,7.54825785,451.395471,454.395471
20,1,967,16.1165055,0.268608425,14.6165055,17.6165055
20,1,10002,166.698333,2.77830555,165.198333,168.198333
20,1,3746,62.432709,1.04054515,60.932709,63.932709
20,1,14476,241.264254,4.0210709,239.764254,242.764254
20,1,17180,286.33047,4.7721745,284.83047,287.83047
20,1,19908,331.796682,5.5299447,330.296682,333.296682
20,1,1443,24.0497595,0.400829325,22.5497595,25.5497595
20,1,20993,349.8798345,5.831330575,348.3798345,351.3798345
20,1,32137,535.6113105,8.926855175,534.1113105,537.1113105
20,1,1935,32.2496775,0.537494625,30.7496775,33.7496775
20,1,30051,500.8449915,8.347416525,499.3449915,502.3449915
20,1,20661,344.3465565,5.739109275,342.8465565,345.8465565
20,1,23249,387.4794585,6.457990975,385.9794585,388.9794585
20,1,12179,202.9813035,3.383021725,201.4813035,204.4813035
20,1,8111,135.1819815,2.253033025,133.6819815,136.6819815
20,1,5461,91.0157565,1.516929275,89.5157565,92.5157565
20,1,31386,523.094769,8.71824615,521.594769,524.594769
20,1,7267,121.1154555,2.018590925,119.6154555,122.6154555
20,1,276,4.599954,0.0766659,3.099954,6.099954
20,1,13575,226.2477375,3.770795625,224.7477375,227.7477375
20,2,8651,144.1818915,2.403031525,142.6818915,145.6818915
20,2,13102,218.364483,3.63940805,216.864483,219.864483
20,2,9065,151.0818225,2.518030375,149.5818225,152.5818225
20,2,3474,57.899421,0.96499035,56.399421,59.399421
20,2,5156,85.932474,1.4322079,84.432474,87.432474
20,2,12269,204.4812885,3.408021475,202.9812885,205.9812885
20,2,11068,184.464822,3.0744137,182.964822,185.964822
20,2,1722,28.699713,0.47832855,27.199713,30.199713
20,2,2410,40.166265,0.66943775,38.666265,41.666265
21,0,9905,165.0816825,2.751361375,163.5816825,166.5816825
21,0,18087,301.4469855,5.024116425,299.9469855,302.9469855
21,0,20174,336.229971,5.60383285,334.729971,337.729971
21,0,10387,173.1149355,2.885248925,171.6149355,174.6149355
21,0,16123,268.7139795,4.478566325,267.2139795,270.2139795
21,0,8529,142.1485785,2.369142975,140.6485785,143.6485785
21,0,6692,111.532218,1.8588703,110.032218,113.032218
21,0,16629,277.1472285,4.619120475,275.6472285,278.6472285
21,0,2124,35.399646,0.5899941,33.899646,36.899646
21,0,13530,225.497745,3.75829575,223.997745,226.997745
21,0,14980,249.66417,4.1610695,248.16417,251.16417
21,0,5848,97.465692,1.6244282,95.965692,98.965692
21,0,11606,193.431399,3.22385665,191.931399,194.931399
21,0,3359,55.9827735,0.933046225,54.4827735,57.4827735
21,1,6740,112.33221,1.8722035,110.83221,113.83221
21,1,13705,228.4143825,3.806906375,226.9143825,229.9143825
21,1,8492,141.531918,2.3588653,140.031918,143.031918
21,1,865,14.4165225,0.240275375,12.9165225,15.9165225
21,1,14906,248.430849,4.14051415,246.930849,249.930849
21,1,3617,60.2827305,1.004712175,58.7827305,61.7827305
21,1,149,2.4833085,0.041388475,0.9833085,3.9833085
21,1,2760,45.99954,0.766659,44.49954,47.49954
21,1,15617,260.2807305,4.338012175,258.7807305,261.7807305
21,1,9017,150.2818305,2.504697175,148.7818305,151.7818305
21,1,16611,276.8472315,4.614120525,275.3472315,278.3472315
21,1,12513,208.5479145,3.475798575,207.0479145,210.0479145
21,1,10355,172.5816075,2.876360125,171.0816075,174.0816075
21,2,12091,201.5146515,3.358577525,200.0146515,203.0146515
21,2,19181,319.6801365,5.328002275,318.1801365,321.1801365
21,2,17144,285.730476,4.7621746,284.230476,287.230476
21,2,2854,47.566191,0.79276985,46.066191,49.066191
21,2,15560,259.33074,4.322179,257.83074,260.83074
21,2,11082,184.698153,3.07830255,183.198153,186.198153
21,2,2515,41.9162475,0.698604125,40.4162475,43.4162475
21,2,10184,169.731636,2.8288606,168.231636,171.231636
21,2,1177,19.6164705,0.326941175,18.1164705,21.1164705
21,2,14219,236.9809635,3.949682725,235.4809635,238.4809635
21,2,5431,90.5157615,1.508596025,89.0157615,92.0157615
22,1,18000,299.997,4.99995,298.497,301.497
22,1,15878,264.630687,4.41051145,263.130687,266.130687
22,1,14429,240.4809285,4.008015475,238.9809285,241.9809285
22,1,21002,350.029833,5.83383055,348.529833,351.529833
22,1,24837,413.9458605,6.899097675,412.4458605,415.4458605
22,1,18352,305.863608,5.0977268,304.363608,307.363608
22,1,11015,183.5814975,3.059691625,182.0814975,185.0814975
22,1,25596,426.595734,7.1099289,425.095734,428.095734
22,1,10891,181.5148515,3.025247525,180.0148515,183.0148515
22,1,4463,74.3825895,1.239709825,72.8825895,75.8825895
22,1,21849,364.1463585,6.069105975,362.6463585,365.6463585
22,1,18635,310.5802275,5.176337125,309.0802275,312.0802275
22,1,21523,358.7130795,5.978551325,357.2130795,360.2130795
22,1,23923,398.7126795,6.645211325,397.2126795,400.2126795
22,1,10098,168.298317,2.80497195,166.798317,169.798317
22,1,18130,302.163645,5.03606075,300.663645,303.663645
22,1,10697,178.2815505,2.971359175,176.7815505,179.7815505
22,1,23362,389.362773,6.48937955,387.862773,390.862773
22,1,16666,277.763889,4.62939815,276.263889,279.263889
22,1,19627,327.1133955,5.451889925,325.6133955,328.6133955
22,1,16894,281.563851,4.69273085,280.063851,283.063851
22,1,22059,367.6463235,6.127438725,366.1463235,369.1463235
22,1,5486,91.432419,1.52387365,89.932419,92.932419
22,1,10529,175.4815785,2.924692975,173.9815785,176.9815785
22,1,19174,319.563471,5.32605785,318.063471,321.063471
22,1,12271,204.5146215,3.408577025,203.0146215,206.0146215
22,2,12744,212.397876,3.5399646,210.897876,213.897876
22,2,8687,144.7818855,2.413031425,143.2818855,146.2818855
22,2,11732,195.531378,3.2588563,194.031378,197.031378
22,2,4627,77.1158955,1.285264925,75.6158955,78.6158955
22,2,4454,74.232591,1.23720985,72.732591,75.732591
22,2,10556,175.931574,2.9321929,174.431574,177.431574
22,2,6190,103.165635,1.71942725,101.665635,104.665635
22,2,5415,90.2490975,1.504151625,88.7490975,91.7490975
22,2,9807,163.4483655,2.724139425,161.9483655,164.9483655
22,2,15976,266.264004,4.4377334,264.764004,267.764004
22,2,1952,32.533008,0.5422168,31.033008,34.033008
22,2,14487,241.4475855,4.024126425,239.9475855,242.9475855
22,2,4154,69.232641,1.15387735,67.732641,70.732641
22,2,11601,193.3480665,3.222467775,191.8480665,194.8480665
22,2,12362,206.031273,3.43385455,204.531273,207.531273
22,2,7023,117.0488295,1.950813825,115.5488295,118.5488295
22,2,10294,171.564951,2.85941585,170.064951,173.064951
22,2,9967,166.1150055,2.768583425,164.6150055,167.6150055
22,2,3420,56.99943,0.9499905,55.49943,58.49943
22,2,1275,21.2497875,0.354163125,19.7497875,22.7497875
22,2,14728,245.464212,4.0910702,243.964212,246.964212
22,2,19462,324.363423,5.40605705,322.863423,325.863423
22,2,15203,253.3807995,4.223013325,251.8807995,254.8807995
22,2,11247,187.4481255,3.124135425,185.9481255,188.9481255
22,2,5688,94.799052,1.5799842,93.299052,96.299052
22,2,15566,259.430739,4.32384565,257.930739,260.930739
22,2,2396,39.932934,0.6655489,38.432934,41.432934
22,2,7308,121.798782,2.0299797,120.298782,123.298782
22,2,2895,48.2495175,0.804158625,46.7495175,49.7495175
22,2,11928,198.798012,3.3133002,197.298012,200.298012
22,2,8942,149.031843,2.48386405,147.531843,150.531843
22,2,1792,29.866368,0.4977728,28.366368,31.366368
22,2,15758,262.630707,4.37717845,261.130707,264.130707
22,2,1488,24.799752,0.4133292,23.299752,26.299752
22,2,16769,279.4805385,4.658008975,277.9805385,280.9805385
22,2,2743,45.7162095,0.761936825,44.2162095,47.2162095
22,2,7554,125.898741,2.09831235,124.398741,127.398741
23,0,11391,189.8481015,3.164135025,188.3481015,191.3481015
23,0,9975,166.2483375,2.770805625,164.7483375,167.7483375
23,0,8512,141.865248,2.3644208,140.365248,143.365248
23,1,19417,323.6134305,5.393557175,322.1134305,325.1134305
23,1,9507,158.4484155,2.640806925,156.9484155,159.9484155
23,1,29092,484.861818,8.0810303,483.361818,486.361818
23,1,6086,101.432319,1.69053865,99.932319,102.932319
23,1,20819,346.9798635,5.782997725,345.4798635,348.4798635
23,1,10783,179.7148695,2.995247825,178.2148695,181.2148695
23,1,24068,401.129322,6.6854887,399.629322,402.629322
23,1,2995,49.9161675,0.831936125,48.4161675,51.4161675
23,1,7065,117.7488225,1.962480375,116.2488225,119.2488225
23,1,25378,422.962437,7.04937395,421.462437,424.462437
23,1,2048,34.132992,0.5688832,32.632992,35.632992
23,1,26915,448.5788475,7.476314125,447.0788475,450.0788475
23,2,5289,88.1491185,1.469151975,86.6491185,89.6491185
23,2,8722,145.365213,2.42275355,143.865213,146.865213
23,2,10039,167.3149935,2.788583225,165.8149935,168.8149935
23,2,12191,203.1813015,3.386355025,201.6813015,204.6813015
23,2,6339,105.6489435,1.760815725,104.1489435,107.1489435
23,2,11606,193.431399,3.22385665,191.931399,194.931399
23,2,4539,75.6492435,1.260820725,74.1492435,77.1492435
24,0,7239,120.6487935,2.010813225,119.1487935,122.1487935
24,0,4076,67.932654,1.1322109,66.432654,69.432654
24,1,4497,74.9492505,1.249154175,73.4492505,76.4492505
24,1,8217,136.9486305,2.282477175,135.4486305,138.4486305
24,2,873,14.5498545,0.242497575,13.0498545,16.0498545
25,1,2903,48.3828495,0.806380825,46.8828495,49.8828495
25,2,7329,122.1487785,2.035812975,120.6487785,123.6487785
26,0,12392,206.531268,3.4421878,205.031268,208.031268
26,0,12680,211.33122,3.522187,209.83122,212.83122
26,0,14178,236.297637,3.93829395,234.797637,237.797637
26,0,11289,188.1481185,3.135801975,186.6481185,189.6481185
26,0,13031,217.1811615,3.619686025,215.6811615,218.6811615
26,0,11541,192.3480765,3.205801275,190.8480765,193.8480765
26,0,8626,143.765229,2.39608715,142.265229,145.265229
26,0,5637,93.9490605,1.565817675,92.4490605,95.4490605
26,0,1611,26.8497315,0.447495525,25.3497315,28.3497315
26,0,13643,227.3810595,3.789684325,225.8810595,228.8810595
26,0,2623,43.7162295,0.728603825,42.2162295,45.2162295
26,0,2170,36.166305,0.60277175,34.666305,37.666305
26,0,11979,199.6480035,3.327466725,198.1480035,201.1480035
26,0,14805,246.7475325,4.112458875,245.2475325,248.2475325
26,0,5792,96.532368,1.6088728,95.032368,98.032368
26,1,14645,244.0808925,4.068014875,242.5808925,245.5808925
26,1,11217,186.9481305,3.115802175,185.4481305,188.4481305
26,1,13927,232.1143455,3.868572425,230.6143455,233.6143455
26,1,12813,213.5478645,3.559131075,212.0478645,215.0478645
26,1,15600,259.9974,4.33329,258.4974,261.4974
26,1,6148,102.465642,1.7077607,100.965642,103.965642
26,1,10898,181.631517,3.02719195,180.131517,183.131517
26,1,9863,164.3816895,2.739694825,162.8816895,165.8816895
26,1,2654,44.232891,0.73721485,42.732891,45.732891
26,1,10083,168.0483195,2.800805325,166.5483195,169.5483195
26,1,13459,224.3144235,3.738573725,222.8144235,225.8144235
26,1,13158,219.297807,3.65496345,217.797807,220.797807
26,1,12511,208.5145815,3.475243025,207.0145815,210.0145815
26,1,581,9.6832365,0.161387275,8.1832365,11.1832365
26,1,7250,120.832125,2.01386875,119.332125,122.332125
26,1,11930,198.831345,3.31385575,197.331345,200.331345
26,2,2423,40.3829295,0.673048825,38.8829295,41.8829295
26,2,7778,129.632037,2.16053395,128.132037,131.132037
26,2,664,11.066556,0.1844426,9.566556,12.566556
26,2,9666,161.098389,2.68497315,159.598389,162.598389
26,2,11210,186.831465,3.11385775,185.331465,188.331465
26,2,12930,215.497845,3.59163075,213.997845,216.997845
26,2,4754,79.232541,1.32054235,77.732541,80.732541
26,2,7020,116.99883,1.9499805,115.49883,118.49883
27,2,12236,203.931294,3.3988549,202.431294,205.431294
28,0,204,3.399966,0.0566661,1.899966,4.899966
28,0,531,8.8499115,0.147498525,7.3499115,10.3499115
28,0,5344,89.065776,1.4844296,87.565776,90.565776
28,0,1182,19.699803,0.32833005,18.199803,21.199803
28,0,7543,125.7154095,2.095256825,124.2154095,127.2154095
28,1,24856,414.262524,6.9043754,412.762524,415.762524
28,1,898,14.966517,0.24944195,13.466517,16.466517
28,1,15418,256.964097,4.28273495,255.464097,258.464097
28,1,3889,64.8160185,1.080266975,63.3160185,66.3160185
28,1,8475,141.2485875,2.354143125,139.7485875,142.7485875
28,2,5060,84.33249,1.4055415,82.83249,85.83249
28,2,15859,264.3140235,4.405233725,262.8140235,265.8140235
28,2,4422,73.699263,1.22832105,72.199263,75.199263
28,2,14183,236.3809695,3.939682825,234.8809695,237.8809695
28,2,6559,109.3155735,1.821926225,107.8155735,110.8155735
28,2,11127,185.4481455,3.090802425,183.9481455,186.9481455
29,0,4649,77.4825585,1.291375975,75.9825585,78.9825585
29,0,7716,128.598714,2.1433119,127.098714,130.098714
29,1,6113,101.8823145,1.698038575,100.3823145,103.3823145
29,1,15789,263.1473685,4.385789475,261.6473685,264.6473685
29,1,8691,144.8485515,2.414142525,143.3485515,146.3485515
29,1,7225,120.4154625,2.006924375,118.9154625,121.9154625
29,2,19066,317.763489,5.29605815,316.263489,319.263489
29,2,10441,174.0149265,2.900248775,172.5149265,175.5149265
29,2,7882,131.365353,2.18942255,129.865353,132.865353
29,2,15133,252.2141445,4.203569075,250.7141445,253.7141445
29,2,2355,39.2496075,0.654160125,37.7496075,40.7496075
29,2,10030,167.164995,2.78608325,165.664995,168.664995
29,2,20050,334.163325,5.56938875,332.663325,335.663325
29,2,12494,208.231251,3.47052085,206.731251,209.731251
29,2,7522,125.365413,2.08942355,123.865413,126.865413
29,2,4960,82.66584,1.377764,81.16584,84.16584
29,2,15493,258.2140845,4.303568075,256.7140845,259.7140845
29,2,2118,35.299647,0.58832745,33.799647,36.799647
29,2,5287,88.1157855,1.468596425,86.6157855,89.6157855
29,2,2745,45.7495425,0.762492375,44.2495425,47.2495425
30,0,5200,86.6658,1.44443,85.1658,88.1658
30,0,13792,229.864368,3.8310728,228.364368,231.364368
30,0,11839,197.3146935,3.288578225,195.8146935,198.8146935
30,0,8620,143.66523,2.3944205,142.16523,145.16523
30,0,416,6.933264,0.1155544,5.433264,8.433264
30,0,7264,121.065456,2.0177576,119.565456,122.565456
30,0,11756,195.931374,3.2655229,194.431374,197.431374
30,0,10986,183.098169,3.05163615,181.598169,184.598169
30,0,2862,47.699523,0.79499205,46.199523,49.199523
30,1,2968,49.466172,0.8244362,47.966172,50.966172
30,1,4169,69.4826385,1.158043975,67.9826385,70.9826385
30,1,12045,200.7479925,3.345799875,199.2479925,202.2479925
30,1,6683,111.3822195,1.856370325,109.8822195,112.8822195
30,1,9452,157.531758,2.6255293,156.031758,159.031758
30,1,5943,99.0490095,1.650816825,97.5490095,100.5490095
30,1,13537,225.6144105,3.760240175,224.1144105,227.1144105
30,2,9377,156.2817705,2.604696175,154.7817705,157.7817705
30,2,3100,51.66615,0.8611025,50.16615,53.16615
30,2,279,4.6499535,0.077499225,3.1499535,6.1499535
30,2,10830,180.498195,3.00830325,178.998195,181.998195
30,2,3860,64.33269,1.0722115,62.83269,65.83269
30,2,5962,99.365673,1.65609455,97.865673,100.865673
30,2,2210,36.832965,0.61388275,35.332965,38.332965
30,2,6791,113.1822015,1.886370025,111.6822015,114.6822015
31,0,11040,183.99816,3.066636,182.49816,185.49816
31,0,1273,21.2164545,0.353607575,19.7164545,22.7164545
31,0,546,9.099909,0.15166515,7.599909,10.599909
31,0,4102,68.365983,1.13943305,66.865983,69.865983
31,1,15052,250.864158,4.1810693,249.364158,252.364158
31,1,3367,56.1161055,0.935268425,54.6161055,57.6161055
31,1,1055,17.5831575,0.293052625,16.0831575,19.0831575
31,1,442,7.366593,0.12277655,5.866593,8.866593
31,1,6985,116.4155025,1.940258375,114.9155025,117.9155025
31,2,2488,41.466252,0.6911042,39.966252,42.966252
31,2,7170,119.498805,1.99164675,117.998805,120.998805
31,2,657,10.9498905,0.182498175,9.4498905,12.4498905
31,2,1422,23.699763,0.39499605,22.199763,25.199763
32,0,6575,109.5822375,1.826370625,108.0822375,111.0822375
32,0,8540,142.33191,2.3721985,140.83191,143.83191
32,0,3621,60.3493965,1.005823275,58.8493965,61.8493965
32,0,6251,104.1822915,1.736371525,102.6822915,105.6822915
32,0,10359,172.6482735,2.877471225,171.1482735,174.1482735
32,1,15214,253.564131,4.22606885,252.064131,255.064131
32,1,17477,291.2804205,4.854673675,289.7804205,292.7804205
32,1,19565,326.0800725,5.434667875,324.5800725,327.5800725
32,1,19726,328.763379,5.47938965,327.263379,330.263379
32,1,19183,319.7134695,5.328557825,318.2134695,321.2134695
32,1,21572,359.529738,5.9921623,358.029738,361.029738
32,1,17281,288.0137865,4.800229775,286.5137865,289.5137865
32,1,17115,285.2471475,4.754119125,283.7471475,286.7471475
32,1,14653,244.2142245,4.070237075,242.7142245,245.7142245
32,1,18110,301.830315,5.03050525,300.330315,303.330315
32,1,21404,356.729766,5.9454961,355.229766,358.229766
32,1,15405,256.7474325,4.279123875,255.2474325,258.2474325
32,1,8401,140.0152665,2.333587775,138.5152665,141.5152665
32,1,8729,145.4818785,2.424697975,143.9818785,146.9818785
32,1,9411,156.8484315,2.614140525,155.3484315,158.3484315
32,1,8191,136.5153015,2.275255025,135.0153015,138.0153015
32,1,16242,270.697293,4.51162155,269.197293,272.197293
32,1,7590,126.498735,2.10831225,124.998735,127.998735
32,1,19334,322.230111,5.37050185,320.730111,323.730111
32,1,20126,335.429979,5.59049965,333.929979,336.929979
32,2,12765,212.7478725,3.545797875,211.2478725,214.2478725
32,2,3130,52.166145,0.86943575,50.666145,53.666145
32,2,9806,163.431699,2.72386165,161.931699,164.931699
32,2,1494,24.899751,0.41499585,23.399751,26.399751
32,2,2062,34.366323,0.57277205,32.866323,35.866323
32,2,7405,123.4154325,2.056923875,121.9154325,124.9154325
32,2,4664,77.732556,1.2955426,76.232556,79.232556
32,2,3523,58.7160795,0.978601325,57.2160795,60.2160795
32,2,12133,202.2146445,3.370244075,200.7146445,203.7146445
32,2,4382,73.032603,1.21721005,71.532603,74.532603
32,2,2678,44.632887,0.74388145,43.132887,46.132887
32,2,11279,187.9814535,3.133024225,186.4814535,189.4814535
32,2,4216,70.265964,1.1710994,68.765964,71.765964
32,2,15858,264.297357,4.40495595,262.797357,265.797357
32,2,3328,55.466112,0.9244352,53.966112,56.966112
32,2,5004,83.399166,1.3899861,81.899166,84.899166
32,2,5587,93.1157355,1.551928925,91.6157355,94.6157355
32,2,3018,50.299497,0.83832495,48.799497,51.799497
32,2,2272,37.866288,0.6311048,36.366288,39.366288
32,2,10034,167.231661,2.78719435,165.731661,168.731661
32,2,1231,20.5164615,0.341941025,19.0164615,22.0164615
32,2,1715,28.5830475,0.476384125,27.0830475,30.0830475
32,2,2889,48.1495185,0.802491975,46.6495185,49.6495185
32,2,16922,282.030513,4.70050855,280.530513,283.530513
32,2,6034,100.565661,1.67609435,99.065661,102.065661
33,0,6573,109.5489045,1.825815075,108.0489045,111.0489045
33,0,671,11.1832215,0.186387025,9.6832215,12.6832215
33,0,3827,63.7826955,1.063044925,62.2826955,65.2826955
33,0,4746,79.099209,1.31832015,77.599209,80.599209
33,0,12901,215.0145165,3.583575275,213.5145165,216.5145165
33,1,469,7.8165885,0.130276475,6.3165885,9.3165885
33,1,6990,116.498835,1.94164725,114.998835,117.998835
33,1,6012,100.198998,1.6699833,98.698998,101.698998
33,1,13206,220.097799,3.66829665,218.597799,221.597799
33,2,2313,38.5496145,0.642493575,37.0496145,40.0496145
33,2,1195,19.9164675,0.331941125,18.4164675,21.4164675
33,2,831,13.8498615,0.230831025,12.3498615,15.3498615
33,2,5329,88.8157785,1.480262975,87.3157785,90.3157785
34,0,24679,411.3125535,6.855209225,409.8125535,412.8125535
34,0,23028,383.796162,6.3966027,382.296162,385.296162
34,0,26163,436.0456395,7.267427325,434.5456395,437.5456395
34,0,11147,185.7814755,3.096357925,184.2814755,187.2814755
34,0,10019,166.9816635,2.783027725,165.4816635,168.4816635
34,0,17912,298.530348,4.9755058,297.030348,300.030348
34,1,3972,66.199338,1.1033223,64.699338,67.699338
34,1,258,4.299957,0.07166595,2.799957,5.799957
34,1,7895,131.5820175,2.193033625,130.0820175,133.0820175
34,2,952,15.866508,0.2644418,14.366508,17.366508
34,2,13398,223.297767,3.72162945,221.797767,224.797767
35,0,5707,95.1157155,1.585261925,93.6157155,96.6157155
35,0,323,5.3832795,0.089721325,3.8832795,6.8832795
35,0,10996,183.264834,3.0544139,181.764834,184.764834
35,0,1394,23.233101,0.38721835,21.733101,24.733101
35,0,5935,98.9156775,1.648594625,97.4156775,100.4156775
35,0,774,12.899871,0.21499785,11.399871,14.399871
35,0,3480,57.99942,0.966657,56.49942,59.49942
35,0,9394,156.565101,2.60941835,155.065101,158.065101
35,0,6506,108.432249,1.80720415,106.932249,109.932249
35,0,9094,151.565151,2.52608585,150.065151,153.065151
35,0,9712,161.865048,2.6977508,160.365048,163.365048
35,0,2730,45.499545,0.75832575,43.999545,46.999545
35,0,6243,104.0489595,1.734149325,102.5489595,105.5489595
35,0,8329,138.8152785,2.313587975,137.3152785,140.3152785
35,0,6976,116.265504,1.9377584,114.765504,117.765504
35,0,2267,37.7829555,0.629715925,36.2829555,39.2829555
35,0,10148,169.131642,2.8188607,167.631642,170.631642
35,1,624,10.399896,0.1733316,8.899896,11.899896
35,1,193,3.2166345,0.053610575,1.7166345,4.7166345
35,1,9530,158.831745,2.64719575,157.331745,160.331745
35,1,5269,87.8157885,1.463596475,86.3157885,89.3157885
35,1,3631,60.5160615,1.008601025,59.0160615,62.0160615
35,1,7379,122.9821035,2.049701725,121.4821035,124.4821035
35,1,1462,24.366423,0.40610705,22.866423,25.866423
35,1,2740,45.66621,0.7611035,44.16621,47.16621
35,1,3105,51.7494825,0.862491375,50.2494825,53.2494825
35,1,4066,67.765989,1.12943315,66.265989,69.265989
35,1,8409,140.1485985,2.335809975,138.6485985,141.6485985
35,1,1019,16.9831635,0.283052725,15.4831635,18.4831635
35,1,7747,129.1153755,2.151922925,127.6153755,130.6153755
35,2,10060,167.66499,2.7944165,166.16499,169.16499
35,2,6787,113.1155355,1.885258925,111.6155355,114.6155355
35,2,7889,131.4820185,2.191366975,129.9820185,132.9820185
35,2,264,4.399956,0.0733326,2.899956,5.899956
35,2,6512,108.532248,1.8088708,107.032248,110.032248
35,2,1089,18.1498185,0.302496975,16.6498185,19.6498185
35,2,6225,103.7489625,1.729149375,102.2489625,105.2489625
35,2,8210,136.831965,2.28053275,135.331965,138.331965
35,2,9137,152.2818105,2.538030175,150.7818105,153.7818105
35,2,4942,82.365843,1.37276405,80.865843,83.865843
35,2,3799,63.3160335,1.055267225,61.8160335,64.8160335
35,2,4300,71.66595,1.1944325,70.16595,73.16595
35,2,5677,94.6157205,1.576928675,93.1157205,96.1157205
35,2,2062,34.366323,0.57277205,32.866323,35.866323
35,2,7481,124.6820865,2.078034775,123.1820865,126.1820865
35,2,3540,58.99941,0.9833235,57.49941,60.49941
35,2,7165,119.4154725,1.990257875,117.9154725,120.9154725
35,2,1364,22.733106,0.3788851,21.233106,24.233106
36,0,5615,93.5823975,1.559706625,92.0823975,95.0823975
36,0,7737,128.9487105,2.149145175,127.4487105,130.4487105
36,0,5957,99.2823405,1.654705675,97.7823405,100.7823405
36,0,2353,39.2162745,0.653604575,37.7162745,40.7162745
36,1,2156,35.932974,0.5988829,34.432974,37.432974
36,1,15898,264.964017,4.41606695,263.464017,266.464017
36,1,5218,86.965797,1.44942995,85.465797,88.465797
36,1,6004,100.065666,1.6677611,98.565666,101.565666
36,1,9844,164.065026,2.7344171,162.565026,165.565026
36,1,15244,254.064126,4.2344021,252.564126,255.564126
36,1,9978,166.298337,2.77163895,164.798337,167.798337
36,1,12883,214.7145195,3.578575325,213.2145195,216.2145195
36,1,14143,235.7143095,3.928571825,234.2143095,237.2143095
36,1,14809,246.8141985,4.113569975,245.3141985,248.3141985
36,1,12608,210.131232,3.5021872,208.631232,211.631232
36,1,5512,91.865748,1.5310958,90.365748,93.365748
36,1,13884,231.397686,3.8566281,229.897686,232.897686
36,1,16317,271.9472805,4.532454675,270.4472805,273.4472805
36,1,13836,230.597694,3.8432949,229.097694,232.097694
36,1,10173,169.5483045,2.825805075,168.0483045,171.0483045
36,1,14304,238.397616,3.9732936,236.897616,239.897616
36,1,7920,131.99868,2.199978,130.49868,133.49868
36,1,9510,158.498415,2.64164025,156.998415,159.998415
36,1,2511,41.8495815,0.697493025,40.3495815,43.3495815
36,1,13457,224.2810905,3.738018175,222.7810905,225.7810905
36,2,1519,25.3164135,0.421940225,23.8164135,26.8164135
36,2,11746,195.764709,3.26274515,194.264709,197.264709
36,2,13183,219.7144695,3.661907825,218.2144695,221.2144695
36,2,5583,93.0490695,1.550817825,91.5490695,94.5490695
36,2,3221,53.6827965,0.894713275,52.1827965,55.1827965
36,2,12464,207.731256,3.4621876,206.231256,209.231256
36,2,13298,221.631117,3.69385195,220.131117,223.131117
36,2,6670,111.165555,1.85275925,109.665555,112.665555
36,2,4993,83.2158345,1.386930575,81.7158345,84.7158345
36,2,4082,68.032653,1.13387755,66.532653,69.532653
36,2,12315,205.2479475,3.420799125,203.7479475,206.7479475
37,0,14259,237.6476235,3.960793725,236.1476235,239.1476235
37,1,762,12.699873,0.21166455,11.199873,14.199873
37,1,9258,154.298457,2.57164095,152.798457,155.798457
37,1,8932,148.865178,2.4810863,147.365178,150.365178
37,1,3744,62.399376,1.0399896,60.899376,63.899376
37,1,7496,124.932084,2.0822014,123.432084,126.432084
37,1,16272,271.197288,4.5199548,269.697288,272.697288
37,1,11885,198.0813525,3.301355875,196.5813525,199.5813525
37,1,9088,151.465152,2.5244192,149.965152,152.965152
37,1,5707,95.1157155,1.585261925,93.6157155,96.6157155
37,1,10760,179.33154,2.988859,177.83154,180.83154
37,1,5418,90.299097,1.50498495,88.799097,91.799097
37,1,16433,273.8805945,4.564676575,272.3805945,275.3805945
37,1,4741,79.0158765,1.316931275,77.5158765,80.5158765
37,1,12739,212.3145435,3.538575725,210.8145435,213.8145435
37,1,2158,35.966307,0.59943845,34.466307,37.466307
37,2,200,3.3333,0.055555,1.8333,4.8333
37,2,7993,133.2153345,2.220255575,131.7153345,134.7153345
37,2,2265,37.7496225,0.629160375,36.2496225,39.2496225
37,2,7484,124.732086,2.0788681,123.232086,126.232086
37,2,3525,58.7494125,0.979156875,57.2494125,60.2494125
37,2,407,6.7832655,0.113054425,5.2832655,8.2832655
37,2,7852,130.865358,2.1810893,129.365358,132.365358
37,2,4291,71.5159515,1.191932525,70.0159515,73.0159515
38,0,10703,178.3815495,2.973025825,176.8815495,179.8815495
38,0,5823,97.0490295,1.617483825,95.5490295,98.5490295
38,0,1150,19.166475,0.31944125,17.666475,20.666475
38,1,6277,104.6156205,1.743593675,103.1156205,106.1156205
38,1,11694,194.898051,3.24830085,193.398051,196.398051
39,0,15009,250.1474985,4.169124975,248.6474985,251.6474985
39,0,13649,227.4810585,3.791350975,225.9810585,228.9810585
39,0,15431,257.1807615,4.286346025,255.6807615,258.6807615
39,1,8958,149.298507,2.48830845,147.798507,150.798507
39,1,16269,271.1472885,4.519121475,269.6472885,272.6472885
39,1,2647,44.1162255,0.735270425,42.6162255,45.6162255
39,1,3697,61.6160505,1.026934175,60.1160505,63.1160505
39,1,11557,192.6147405,3.210245675,191.1147405,194.1147405
39,1,2020,33.66633,0.5611055,32.16633,35.16633
39,1,16430,273.830595,4.56384325,272.330595,275.330595
39,2,1928,32.133012,0.5355502,30.633012,33.633012
39,2,11552,192.531408,3.2088568,191.031408,194.031408
39,2,16955,282.5805075,4.709675125,281.0805075,284.0805075
39,2,14143,235.7143095,3.928571825,234.2143095,237.2143095
39,2,273,4.5499545,0.075832575,3.0499545,6.0499545
39,2,8204,136.731966,2.2788661,135.231966,138.231966
39,2,16677,277.9472205,4.632453675,276.4472205,279.4472205
39,2,21104,351.729816,5.8621636,350.229816,353.229816
39,2,15883,264.7140195,4.411900325,263.2140195,266.2140195
40,0,19030,317.163495,5.28605825,315.663495,318.663495
40,0,6987,116.4488355,1.940813925,114.9488355,117.9488355
40,0,13185,219.7478025,3.662463375,218.2478025,221.2478025
40,0,9308,155.131782,2.5855297,153.631782,156.631782
40,1,10720,178.66488,2.977748,177.16488,180.16488
40,1,1152,19.199808,0.3199968,17.699808,20.699808
40,2,1938,32.299677,0.53832795,30.799677,33.799677
40,2,12022,200.364663,3.33941105,198.864663,201.864663
40,2,12912,215.197848,3.5866308,213.697848,216.697848
41,0,12655,210.9145575,3.515242625,209.4145575,212.4145575
41,0,25706,428.429049,7.14048415,426.929049,429.929049
41,0,24797,413.2792005,6.887986675,411.7792005,414.7792005
41,0,9535,158.9150775,2.648584625,157.4150775,160.4150775
41,1,9245,154.0817925,2.568029875,152.5817925,155.5817925
41,1,9576,159.598404,2.6599734,158.098404,161.098404
41,1,9751,162.5150415,2.708584025,161.0150415,164.0150415
41,1,9426,157.098429,2.61830715,155.598429,158.598429
41,1,8760,145.99854,2.433309,144.49854,147.49854
41,1,10349,172.4816085,2.874693475,170.9816085,173.9816085
41,2,11223,187.0481295,3.117468825,185.5481295,188.5481295
41,2,6493,108.2155845,1.803593075,106.7155845,109.7155845
42,0,22011,366.8463315,6.114105525,365.3463315,368.3463315
42,0,7623,127.0487295,2.117478825,125.5487295,128.5487295
42,0,8386,139.765269,2.32942115,138.265269,141.265269
42,1,12553,209.2145745,3.486909575,207.7145745,210.7145745
42,1,17326,288.763779,4.81272965,287.263779,290.263779
42,2,19218,320.296797,5.33827995,318.796797,321.796797
43,0,2241,37.3496265,0.622493775,35.8496265,38.8496265
43,0,2659,44.3162235,0.738603725,42.8162235,45.8162235
43,0,5029,83.8158285,1.396930475,82.3158285,85.3158285
43,1,4746,79.099209,1.31832015,77.599209,80.599209
43,1,764,12.733206,0.2122201,11.233206,14.233206
43,1,2299,38.3162835,0.638604725,36.8162835,39.8162835
43,1,3009,50.1494985,0.835824975,48.6494985,51.6494985
43,1,7296,121.598784,2.0266464,120.098784,123.098784
43,2,5373,89.5491045,1.492485075,88.0491045,91.0491045
43,2,13743,229.0477095,3.817461825,227.5477095,230.5477095
43,2,20274,337.896621,5.63161035,336.396621,339.396621
43,2,11609,193.4813985,3.224689975,191.9813985,194.9813985
43,2,15503,258.3807495,4.306345825,256.8807495,259.8807495
43,2,18578,309.630237,5.16050395,308.130237,311.130237
44,1,6159,102.6489735,1.710816225,101.1489735,104.1489735
44,1,7343,122.3821095,2.039701825,120.8821095,123.8821095
44,1,6232,103.865628,1.7310938,102.365628,105.365628
44,1,4780,79.66587,1.3277645,78.16587,81.16587
44,1,5287,88.1157855,1.468596425,86.6157855,89.6157855
44,1,6854,114.232191,1.90386985,112.732191,115.732191
44,1,5648,94.132392,1.5688732,92.632392,95.632392
44,1,5543,92.3824095,1.539706825,90.8824095,93.8824095
44,1,7880,131.33202,2.188867,129.83202,132.83202
44,1,5763,96.0490395,1.600817325,94.5490395,97.5490395
44,1,5978,99.632337,1.66053895,98.132337,101.132337
44,1,7646,127.432059,2.12386765,125.932059,128.932059
44,1,6402,106.698933,1.77831555,105.198933,108.198933
44,2,3552,59.199408,0.9866568,57.699408,60.699408
44,2,3461,57.6827565,0.961379275,56.1827565,59.1827565
44,2,1641,27.3497265,0.455828775,25.8497265,28.8497265
44,2,2709,45.1495485,0.752492475,43.6495485,46.6495485
44,2,2483,41.3829195,0.689715325,39.8829195,42.8829195
44,2,3253,54.2161245,0.903602075,52.7161245,55.7161245
44,2,6239,103.9822935,1.733038225,102.4822935,105.4822935
44,2,2915,48.5828475,0.809714125,47.0828475,50.0828475
44,2,6942,115.698843,1.92831405,114.198843,117.198843
44,2,6715,111.9155475,1.865259125,110.4155475,113.4155475
44,2,6327,105.4489455,1.757482425,103.9489455,106.9489455
44,2,5875,97.9156875,1.631928125,96.4156875,99.4156875
44,2,1931,32.1830115,0.536383525,30.6830115,33.6830115
44,2,6053,100.8823245,1.681372075,99.3823245,102.3823245
44,2,3810,63.499365,1.05832275,61.999365,64.999365
44,2,2621,43.6828965,0.728048275,42.1828965,45.1828965
44,2,6152,102.532308,1.7088718,101.032308,104.032308
44,2,6431,107.1822615,1.786371025,105.6822615,108.6822615
44,2,1779,29.6497035,0.494161725,28.1497035,31.1497035
44,2,3656,60.932724,1.0155454,59.432724,62.432724
45,0,14065,234.4143225,3.906905375,232.9143225,235.9143225
45,0,16282,271.363953,4.52273255,269.863953,272.863953
45,0,11704,195.064716,3.2510786,193.564716,196.564716
45,1,7531,125.5154115,2.091923525,124.0154115,127.0154115
45,1,5880,97.99902,1.633317,96.49902,99.49902
45,1,5259,87.6491235,1.460818725,86.1491235,89.1491235
45,1,8576,142.931904,2.3821984,141.431904,144.431904
45,2,10522,175.364913,2.92274855,173.864913,176.864913
45,2,3581,59.6827365,0.994712275,58.1827365,61.1827365
45,2,3939,65.6493435,1.094155725,64.1493435,67.1493435
45,2,12400,206.6646,3.44441,205.1646,208.1646
45,2,2898,48.299517,0.80499195,46.799517,49.799517
45,2,10269,171.1482885,2.852471475,169.6482885,172.6482885
46,0,2351,39.1829415,0.653049025,37.6829415,40.6829415
46,1,6049,100.8156585,1.680260975,99.3156585,102.3156585
46,2,6613,110.2155645,1.836926075,108.7155645,111.7155645
46,2,2032,33.866328,0.5644388,32.366328,35.366328
47,0,11734,195.564711,3.25941185,194.064711,197.064711
47,0,8637,143.9485605,2.399142675,142.4485605,145.4485605
47,1,4495,74.9159175,1.248598625,73.4159175,76.4159175
47,1,15241,254.0141265,4.233568775,252.5141265,255.5141265
47,1,5645,94.0823925,1.568039875,92.5823925,95.5823925
47,1,12960,215.99784,3.599964,214.49784,217.49784
47,1,2861,47.6828565,0.794714275,46.1828565,49.1828565
47,1,15553,259.2140745,4.320234575,257.7140745,260.7140745
47,1,6784,113.065536,1.8844256,111.565536,114.565536
47,1,13567,226.1144055,3.768573425,224.6144055,227.6144055
47,2,7893,131.5486845,2.192478075,130.0486845,133.0486845
47,2,13927,232.1143455,3.868572425,230.6143455,233.6143455
47,2,8736,145.598544,2.4266424,144.098544,147.098544
47,2,11951,199.1813415,3.319689025,197.6813415,200.6813415
47,2,2666,44.432889,0.74054815,42.932889,45.932889
47,2,5546,92.432409,1.54054015,90.932409,93.932409
47,2,4156,69.265974,1.1544329,67.765974,70.765974
47,2,1066,17.766489,0.29610815,16.266489,19.266489
47,2,3851,64.1826915,1.069711525,62.6826915,65.6826915
47,2,1737,28.9497105,0.482495175,27.4497105,30.4497105
47,2,8279,137.9819535,2.299699225,136.4819535,139.4819535
47,2,2158,35.966307,0.59943845,34.466307,37.466307
47,2,12914,215.231181,3.58718635,213.731181,216.731181
47,2,5262,87.699123,1.46165205,86.199123,89.199123
47,2,489,8.1499185,0.135831975,6.6499185,9.6499185
47,2,9986,166.431669,2.77386115,164.931669,167.931669
48,0,5837,97.2823605,1.621372675,95.7823605,98.7823605
48,0,2252,37.532958,0.6255493,36.032958,39.032958
48,0,3447,57.4494255,0.957490425,55.9494255,58.9494255
48,0,1185,19.7498025,0.329163375,18.2498025,21.2498025
48,0,8557,142.6152405,2.376920675,141.1152405,144.1152405
48,0,1673,27.8830545,0.464717575,26.3830545,29.3830545
48,1,9118,151.965147,2.53275245,150.465147,153.465147
48,1,4794,79.899201,1.33165335,78.399201,81.399201
48,1,3280,54.66612,0.911102,53.16612,56.16612
48,1,3519,58.6494135,0.977490225,57.1494135,60.1494135
48,1,6251,104.1822915,1.736371525,102.6822915,105.6822915
48,1,3903,65.0493495,1.084155825,63.5493495,66.5493495
48,1,4154,69.232641,1.15387735,67.732641,70.732641
48,2,3684,61.399386,1.0233231,59.899386,62.899386
48,2,5134,85.565811,1.42609685,84.065811,87.065811
48,2,15070,251.164155,4.18606925,249.664155,252.664155
48,2,5958,99.299007,1.65498345,97.799007,100.799007
48,2,2632,43.866228,0.7311038,42.366228,45.366228
48,2,9378,156.298437,2.60497395,154.798437,157.798437
48,2,15141,252.3474765,4.205791275,250.8474765,253.8474765
48,2,12303,205.0479495,3.417465825,203.5479495,206.5479495
48,2,1748,29.133042,0.4855507,27.633042,30.633042
48,2,11356,189.264774,3.1544129,187.764774,190.764774
48,2,10573,176.2149045,2.936915075,174.7149045,177.7149045
48,2,8768,146.131872,2.4355312,144.631872,147.631872
48,2,7060,117.66549,1.9610915,116.16549,119.16549
48,2,5538,92.299077,1.53831795,90.799077,93.799077
49,0,11686,194.764719,3.24607865,193.264719,196.264719
49,0,17845,297.4136925,4.956894875,295.9136925,298.9136925
49,1,4073,67.8826545,1.131377575,66.3826545,69.3826545
49,1,11440,190.66476,3.177746,189.16476,192.16476
49,1,9171,152.8484715,2.547474525,151.3484715,154.3484715
49,2,1465,24.4164225,0.406940375,22.9164225,25.9164225
49,2,9460,157.66509,2.6277515,156.16509,159.16509
50,0,7607,126.7820655,2.113034425,125.2820655,128.2820655
50,0,3059,50.9828235,0.849713725,49.4828235,52.4828235
50,0,4449,74.1492585,1.235820975,72.6492585,75.6492585
50,0,6260,104.33229,1.7388715,102.83229,105.83229
50,0,2550,42.499575,0.70832625,40.999575,43.999575
50,0,7404,123.398766,2.0566461,121.898766,124.898766
50,0,11555,192.5814075,3.209690125,191.0814075,194.0814075
50,0,10113,168.5483145,2.809138575,167.0483145,170.0483145
50,0,10560,175.99824,2.933304,174.49824,177.49824
50,0,10639,177.3148935,2.955248225,175.8148935,178.8148935
50,0,1756,29.266374,0.4877729,27.766374,30.766374
50,0,4130,68.832645,1.14721075,67.332645,70.332645
50,0,3740,62.33271,1.0388785,60.83271,63.83271
50,0,3977,66.2826705,1.104711175,64.7826705,67.7826705
50,0,5275,87.9157875,1.465263125,86.4157875,89.4157875
50,0,10869,181.1481885,3.019136475,179.6481885,182.6481885
50,0,3266,54.432789,0.90721315,52.932789,55.932789
50,0,4651,77.5158915,1.291931525,76.0158915,79.0158915
50,0,8517,141.9485805,2.365809675,140.4485805,143.4485805
50,0,8141,135.6819765,2.261366275,134.1819765,137.1819765
50,0,1994,33.233001,0.55388335,31.733001,34.733001
50,0,2801,46.6828665,0.778047775,45.1828665,48.1828665
50,0,9701,161.6817165,2.694695275,160.1817165,163.1817165
50,0,6586,109.765569,1.82942615,108.265569,111.265569
50,0,1365,22.7497725,0.379162875,21.2497725,24.2497725
50,0,1089,18.1498185,0.302496975,16.6498185,19.6498185
50,0,5801,96.6823665,1.611372775,95.1823665,98.1823665
50,0,10925,182.0815125,3.034691875,180.5815125,183.5815125
50,0,8280,137.99862,2.299977,136.49862,139.49862
50,0,9027,150.4484955,2.507474925,148.9484955,151.9484955
50,0,4966,82.765839,1.37943065,81.265839,84.265839
50,0,6991,116.5155015,1.941925025,115.0155015,118.0155015
50,0,10279,171.3149535,2.855249225,169.8149535,172.8149535
50,0,11037,183.9481605,3.065802675,182.4481605,185.4481605
50,0,7913,131.8820145,2.198033575,130.3820145,133.3820145
50,0,5500,91.66575,1.5277625,90.16575,93.16575
50,0,2353,39.2162745,0.653604575,37.7162745,40.7162745
50,0,638,10.633227,0.17722045,9.133227,12.133227
50,0,5166,86.099139,1.43498565,84.599139,87.599139
50,0,10394,173.231601,2.88719335,171.731601,174.731601
50,0,4813,80.2158645,1.336931075,78.7158645,81.7158645
50,0,11301,188.3481165,3.139135275,186.8481165,189.8481165
50,0,6742,112.365543,1.87275905,110.865543,113.865543
50,0,9937,165.6150105,2.760250175,164.1150105,167.1150105
50,1,8827,147.1151955,2.451919925,145.6151955,148.6151955
50,1,11468,191.131422,3.1855237,189.631422,192.631422
50,1,355,5.9166075,0.098610125,4.4166075,7.4166075
50,1,10629,177.1482285,2.952470475,175.6482285,178.6482285
50,1,7724,128.732046,2.1455341,127.232046,130.232046
50,1,11438,190.631427,3.17719045,189.131427,192.131427
50,1,9943,165.7150095,2.761916825,164.2150095,167.2150095
50,1,8460,140.99859,2.3499765,139.49859,142.49859
50,1,10654,177.564891,2.95941485,176.064891,179.064891
50,1,4792,79.865868,1.3310978,78.365868,81.365868
50,1,2612,43.532898,0.7255483,42.032898,45.032898
50,1,10676,177.931554,2.9655259,176.431554,179.431554
50,1,11383,189.7147695,3.161912825,188.2147695,191.2147695
50,1,5502,91.699083,1.52831805,90.199083,93.199083
50,1,7781,129.6820365,2.161367275,128.1820365,131.1820365
50,1,4046,67.432659,1.12387765,65.932659,68.932659
50,1,4837,80.6158605,1.343597675,79.1158605,82.1158605
50,1,10711,178.5148815,2.975248025,177.0148815,180.0148815
50,1,1930,32.166345,0.53610575,30.666345,33.666345
50,1,6375,106.2489375,1.770815625,104.7489375,107.7489375
50,1,5466,91.099089,1.51831815,89.599089,92.599089
50,1,8379,139.6486035,2.327476725,138.1486035,141.1486035
50,1,5596,93.265734,1.5544289,91.765734,94.765734
50,1,9863,164.3816895,2.739694825,162.8816895,165.8816895
50,1,9992,166.531668,2.7755278,165.031668,168.031668
50,1,4724,78.732546,1.3122091,77.232546,80.232546
50,1,5791,96.5157015,1.608595025,95.0157015,98.0157015
50,1,10420,173.66493,2.8944155,172.16493,175.16493
50,1,4582,76.365903,1.27276505,74.865903,77.865903
50,1,8667,144.4485555,2.407475925,142.9485555,145.9485555
50,1,5739,95.6490435,1.594150725,94.1490435,97.1490435
50,1,4260,70.99929,1.1833215,69.49929,72.49929
50,1,10475,174.5815875,2.909693125,173.0815875,176.0815875
50,1,10109,168.4816485,2.808027475,166.9816485,169.9816485
50,1,1312,21.866448,0.3644408,20.366448,23.366448
50,1,2778,46.299537,0.77165895,44.799537,47.799537
50,1,3214,53.566131,0.89276885,52.066131,55.066131
50,1,4654,77.565891,1.29276485,76.065891,79.065891
50,1,10073,167.8816545,2.798027575,166.3816545,169.3816545
50,1,8595,143.2485675,2.387476125,141.7485675,144.7485675
50,1,5682,94.699053,1.57831755,93.199053,96.199053
50,1,9110,151.831815,2.53053025,150.331815,153.331815
50,1,4167,69.4493055,1.157488425,67.9493055,70.9493055
50,1,10020,166.99833,2.7833055,165.49833,168.49833
50,1,7669,127.8153885,2.130256475,126.3153885,129.3153885
50,1,10578,176.298237,2.93830395,174.798237,177.798237
50,1,8532,142.198578,2.3699763,140.698578,143.698578
50,1,11490,191.498085,3.19163475,189.998085,192.998085
50,1,7840,130.66536,2.177756,129.16536,132.16536
50,1,3471,57.8494215,0.964157025,56.3494215,59.3494215
50,1,9836,163.931694,2.7321949,162.431694,165.431694
50,1,10898,181.631517,3.02719195,180.131517,183.131517
50,1,8209,136.8152985,2.280254975,135.3152985,138.3152985
50,1,9703,161.7150495,2.695250825,160.2150495,163.2150495
50,1,3845,64.0826925,1.068044875,62.5826925,65.5826925
50,1,9480,157.99842,2.633307,156.49842,159.49842
50,1,5244,87.399126,1.4566521,85.899126,88.899126
50,1,8003,133.3819995,2.223033325,131.8819995,134.8819995
50,1,8162,136.031973,2.26719955,134.531973,137.531973
50,1,3815,63.5826975,1.059711625,62.0826975,65.0826975
50,1,10949,182.4815085,3.041358475,180.9815085,183.9815085
50,1,9510,158.498415,2.64164025,156.998415,159.998415
50,1,9648,160.798392,2.6799732,159.298392,162.298392
50,1,841,14.0165265,0.233608775,12.5165265,15.5165265
50,1,8124,135.398646,2.2566441,133.898646,136.898646
50,1,5118,85.299147,1.42165245,83.799147,86.799147
50,1,9617,160.2817305,2.671362175,158.7817305,161.7817305
50,1,11053,184.2148245,3.070247075,182.7148245,185.7148245
50,1,9605,160.0817325,2.668028875,158.5817325,161.5817325
50,1,11007,183.4481655,3.057469425,181.9481655,184.9481655
50,1,773,12.8832045,0.214720075,11.3832045,14.3832045
50,1,11033,183.8814945,3.064691575,182.3814945,185.3814945
50,1,3871,64.5160215,1.075267025,63.0160215,66.0160215
50,1,9726,162.098379,2.70163965,160.598379,163.598379
50,1,5008,83.465832,1.3910972,81.965832,84.965832
50,1,7942,132.365343,2.20608905,130.865343,133.865343
50,1,1985,33.0830025,0.551383375,31.5830025,34.5830025
50,1,8330,138.831945,2.31386575,137.331945,140.331945
50,1,4915,81.9158475,1.365264125,80.4158475,83.4158475
50,1,3967,66.1160055,1.101933425,64.6160055,67.6160055
50,1,11281,188.0147865,3.133579775,186.5147865,189.5147865
50,1,10786,179.764869,2.99608115,178.264869,181.264869
50,1,9339,155.6484435,2.594140725,154.1484435,157.1484435
50,1,8310,138.498615,2.30831025,136.998615,139.998615
50,1,11248,187.464792,3.1244132,185.964792,188.964792
50,1,10816,180.264864,3.0044144,178.764864,181.764864
50,1,134,2.233311,0.03722185,0.733311,3.733311
50,1,3935,65.5826775,1.093044625,64.0826775,67.0826775
50,1,9777,162.9483705,2.715806175,161.4483705,164.4483705
50,1,4965,82.7491725,1.379152875,81.2491725,84.2491725
50,1,7908,131.798682,2.1966447,130.298682,133.298682
50,1,9758,162.631707,2.71052845,161.131707,164.131707
50,1,10847,180.7815255,3.013025425,179.2815255,182.2815255
50,1,9403,156.7150995,2.611918325,155.2150995,158.2150995
50,1,2414,40.232931,0.67054885,38.732931,41.732931
50,1,9746,162.431709,2.70719515,160.931709,163.931709
50,1,2072,34.532988,0.5755498,33.032988,36.032988
50,1,9428,157.131762,2.6188627,155.631762,158.631762
50,1,8289,138.1486185,2.302476975,136.6486185,139.6486185
50,1,6057,100.9489905,1.682483175,99.4489905,102.4489905
50,1,9586,159.765069,2.66275115,158.265069,161.265069
50,1,1605,26.7497325,0.445828875,25.2497325,28.2497325
50,1,8780,146.33187,2.4388645,144.83187,147.83187
50,1,10311,171.8482815,2.864138025,170.3482815,173.3482815
50,1,8860,147.66519,2.4610865,146.16519,149.16519
50,1,2982,49.699503,0.82832505,48.199503,51.199503
50,1,10262,171.031623,2.85052705,169.531623,172.531623
50,1,1525,25.4164125,0.423606875,23.9164125,26.9164125
50,1,1445,24.0830925,0.401384875,22.5830925,25.5830925
50,1,4469,74.4825885,1.241376475,72.9825885,75.9825885
50,1,6004,100.065666,1.6677611,98.565666,101.565666
50,1,5897,98.2823505,1.638039175,96.7823505,99.7823505
50,1,4371,72.8492715,1.214154525,71.3492715,74.3492715
50,2,5645,94.0823925,1.568039875,92.5823925,95.5823925
50,2,10003,166.7149995,2.778583325,165.2149995,168.2149995
50,2,2332,38.866278,0.6477713,37.366278,40.366278
50,2,10694,178.231551,2.97052585,176.731551,179.731551
50,2,3566,59.432739,0.99054565,57.932739,60.932739
50,2,9838,163.965027,2.73275045,162.465027,165.465027
50,2,168,2.799972,0.0466662,1.299972,4.299972
50,2,10140,168.99831,2.8166385,167.49831,170.49831
50,2,12495,208.2479175,3.470798625,206.7479175,209.7479175
50,2,2430,40.499595,0.67499325,38.999595,41.999595
50,2,3418,56.966097,0.94943495,55.466097,58.466097
50,2,4451,74.1825915,1.236376525,72.6825915,75.6825915
50,2,6412,106.865598,1.7810933,105.365598,108.365598
50,2,9932,165.531678,2.7588613,164.031678,167.031678
50,2,4770,79.499205,1.32498675,77.999205,80.999205
50,2,13094,218.231151,3.63718585,216.731151,219.731151
50,2,4556,75.932574,1.2655429,74.432574,77.432574
50,2,2876,47.932854,0.7988809,46.432854,49.432854
50,2,6547,109.1155755,1.818592925,107.6155755,110.6155755
50,2,4130,68.832645,1.14721075,67.332645,70.332645
50,2,10357,172.6149405,2.876915675,171.1149405,174.1149405
50,2,3741,62.3493765,1.039156275,60.8493765,63.8493765
50,2,3282,54.699453,0.91165755,53.199453,56.199453
50,2,12609,210.1478985,3.502464975,208.6478985,211.6478985
50,2,4952,82.532508,1.3755418,81.032508,84.032508
50,2,11983,199.7146695,3.328577825,198.2146695,201.2146695
50,2,1198,19.966467,0.33277445,18.466467,21.466467
50,2,7066,117.765489,1.96275815,116.265489,119.265489
50,2,12772,212.864538,3.5477423,211.364538,214.364538
50,2,7526,125.432079,2.09053465,123.932079,126.932079
50,2,12194,203.231301,3.38718835,201.731301,204.731301
50,2,648,10.799892,0.1799982,9.299892,12.299892
50,2,12411,206.8479315,3.447465525,205.3479315,208.3479315
50,2,869,14.4831885,0.241386475,12.9831885,15.9831885
50,2,1704,28.399716,0.4733286,26.899716,29.899716
50,2,5980,99.66567,1.6610945,98.16567,101.16567
50,2,5460,90.99909,1.5166515,89.49909,92.49909
50,2,2813,46.8828645,0.781381075,45.3828645,48.3828645
50,2,8910,148.498515,2.47497525,146.998515,149.998515
50,2,5159,85.9824735,1.433041225,84.4824735,87.4824735
50,2,8806,146.765199,2.44608665,145.265199,148.265199
50,2,3919,65.3160135,1.088600225,63.8160135,66.8160135
50,2,5268,87.799122,1.4633187,86.299122,89.299122
50,2,1055,17.5831575,0.293052625,16.0831575,19.0831575
50,2,1468,24.466422,0.4077737,22.966422,25.966422
50,2,534,8.899911,0.14833185,7.399911,10.399911
50,2,5049,84.1491585,1.402485975,82.6491585,85.6491585
