,id,participant,song
0,4.72884777105e-08,0,0
1,3.30404985497e-08,0,0
2,8.56034685457e-09,0,0
3,2.43538550049e-08,0,0
4,4.21338602497e-08,0,0
5,3.12744855077e-08,0,0
6,2.58030560102e-08,0,0
7,4.86777413036e-09,0,0
8,2.51437444746e-08,0,0
9,2.13783906068e-08,0,0
10,8.0872694215e-09,0,0
11,4.93391934611e-08,0,0
12,4.41781541347e-08,0,0
13,2.74556160932e-08,0,0
14,1.30385278047e-08,0,0
15,2.64024301336e-08,0,0
16,5.063212907e-08,0,0
17,3.80902255389e-08,0,0
18,1.17520140614e-08,0,0
19,9.5493141581e-09,0,0
20,3.87452558309e-10,0,0
21,1.49394000245e-08,0,0
22,3.6486899759e-08,0,0
23,1.94261434622e-08,0,0
24,2.48312136817e-08,0,0
25,3.53159795966e-08,0,0
26,3.23469370641e-08,0,0
27,9.1682834654e-09,0,0
28,1.7809973951e-08,0,0
29,5.17987679887e-08,0,0
30,2.19606397552e-08,0,0
31,2.32321691454e-08,0,1
32,6.96558356208e-09,0,1
33,1.15807643119e-09,0,1
34,2.55761500921e-08,0,1
35,3.42285436871e-09,0,1
36,1.44149476666e-08,0,1
37,5.69833541557e-09,0,1
38,2.71430853003e-08,0,1
39,2.51501663402e-08,0,1
40,2.74641785807e-08,0,1
41,2.08646413582e-08,0,1
42,3.28778112877e-08,0,1
43,2.06270323307e-08,0,1
44,7.90317594075e-09,0,1
45,1.58834142688e-08,0,1
46,3.16020006537e-08,0,1
47,3.10668451864e-08,0,1
48,2.43538550049e-08,0,1
49,1.55473366353e-08,0,1
50,2.22153737576e-08,0,1
51,2.60470869033e-08,0,1
52,2.66486016485e-08,0,1
53,6.35978757312e-09,0,1
54,9.29029891194e-10,0,1
55,4.16993140103e-09,0,1
56,9.26247082764e-09,0,1
57,1.24348724377e-08,0,1
58,2.88834108799e-08,0,1
59,3.0157080892e-08,0,1
60,1.65384445607e-08,0,2
61,2.43174644331e-08,0,2
62,3.61080096881e-08,0,2
63,3.67116650552e-08,0,2
64,1.72148810714e-08,0,2
65,2.96540347528e-08,0,2
66,2.62333210059e-08,0,2
67,2.8472411481e-08,0,2
68,3.38004193132e-08,0,2
69,2.90867699575e-08,0,2
70,3.58618381732e-08,0,2
71,1.19789199795e-08,0,2
72,3.00200810924e-08,0,2
73,1.75295524861e-08,0,2
74,1.15358112526e-08,0,2
75,3.3248138871e-08,0,2
76,3.10090483959e-08,0,2
77,3.30469204153e-08,0,2
78,3.50120112912e-08,0,2
79,3.04503460881e-08,0,2
80,3.13643916262e-08,0,2
81,1.89530660291e-08,0,2
82,1.95331745556e-08,0,2
83,4.43108726906e-09,0,2
84,3.42927623431e-08,0,2
85,2.51180570121e-08,0,2
86,1.6223773146e-08,0,2
87,6.16499098304e-10,1,0
88,2.49703541032e-08,1,0
89,2.37202309316e-08,1,0
90,7.83681666281e-09,1,0
91,2.48354949254e-08,1,0
92,3.08634861088e-08,1,0
93,2.47562919163e-08,1,0
94,3.13729541137e-08,1,0
95,2.04472200937e-08,1,0
96,1.52198214894e-09,1,0
97,6.35550632939e-09,1,0
98,2.09117350393e-08,1,0
99,1.815247345e-08,1,0
100,1.34516678255e-08,1,0
101,5.20171114194e-09,1,0
102,6.04725678023e-09,1,1
103,2.06741260119e-08,1,1
104,1.29892935018e-08,1,1
105,2.04450794719e-08,1,1
106,1.54210399451e-08,1,1
107,3.1809640975e-09,1,1
108,2.15089685408e-08,1,1
109,1.01315633065e-08,1,1
110,2.44715892077e-08,1,1
111,1.28629968115e-08,1,1
112,6.09863170509e-09,1,1
113,1.21951227883e-08,1,1
114,1.43314634137e-08,1,1
115,1.33788866819e-08,1,1
116,1.23556694285e-08,1,1
117,1.52176808675e-08,1,1
118,6.70014645031e-10,1,1
119,2.95470036593e-08,1,1
120,5.2873360167e-10,1,1
121,9.0227211783e-09,1,1
122,1.24241693283e-08,1,1
123,2.06184698433e-08,1,1
124,1.5487399223e-08,1,1
125,1.03006724342e-08,1,1
126,2.14554529941e-08,1,1
127,1.26767627089e-08,1,1
128,6.15214725182e-09,1,1
129,2.31272786739e-08,1,1
130,2.21233270172e-08,1,1
131,2.20719520924e-08,1,1
132,3.42156999558e-08,1,1
133,5.15033621708e-09,1,1
134,1.23000132599e-08,1,1
135,3.01057059672e-08,1,1
136,7.84109790655e-09,1,1
137,6.71941204714e-09,1,1
138,1.41002762518e-08,1,1
139,1.35715426502e-08,1,1
140,2.32000598174e-08,1,1
141,1.35051833722e-08,1,1
142,3.11481888174e-08,1,1
143,2.89454889141e-08,1,1
144,1.42308541858e-08,1,1
145,2.07383446679e-08,1,1
146,2.40391835901e-08,1,1
147,4.40325918476e-09,1,1
148,1.53140088516e-08,1,1
149,1.8398644965e-08,1,1
150,1.25290597999e-08,1,1
151,2.05307043466e-08,1,1
152,2.1031609864e-08,1,1
153,1.53675243983e-08,1,1
154,1.34302616068e-08,1,1
155,2.4809807463e-09,1,1
156,1.25997003216e-08,1,1
157,2.83140054627e-08,1,2
158,9.26461144951e-09,1,2
159,1.2053841745e-08,1,2
160,2.10894066545e-08,1,2
161,1.90750814756e-08,1,2
162,1.40167919989e-08,1,2
163,2.71002728629e-09,1,2
164,1.3819854787e-08,1,2
165,2.52400724587e-08,1,2
166,1.93576435624e-08,1,2
167,1.89123942136e-08,1,2
168,6.96130231834e-09,1,2
169,2.12585157821e-08,1,2
170,1.44920100539e-08,1,2
171,7.13897393348e-09,1,2
172,6.82858376246e-09,1,2
173,1.99570176857e-08,1,2
174,1.98414241048e-08,1,2
175,2.48740261191e-08,1,2
176,1.09599839698e-08,1,2
177,1.03884379308e-08,1,2
178,1.1987482467e-09,1,2
179,5.82035086211e-09,2,2
180,2.72201476876e-08,3,0
181,3.8711005881e-08,3,0
182,2.19349522928e-08,3,0
183,3.16148443849e-08,3,0
184,3.07543143935e-08,3,0
185,1.96851587083e-08,3,0
186,2.93115352537e-08,3,0
187,2.11472034449e-08,3,0
188,3.97513481094e-08,3,0
189,3.30640453903e-08,3,1
190,9.30956450876e-09,3,1
191,3.07264863092e-08,3,1
192,1.31434182763e-08,3,1
193,5.96377252734e-09,3,1
194,3.64119779936e-09,3,1
195,2.70446166943e-08,3,1
196,7.37658296095e-09,3,1
197,1.16728110523e-08,3,1
198,3.03326118853e-09,3,1
199,2.41248084649e-08,3,1
200,2.24337171883e-08,3,1
201,2.84574271279e-08,3,1
202,2.96882847027e-08,3,1
203,5.30017974792e-09,3,2
204,1.81460515844e-08,3,2
205,7.07047403367e-09,3,2
206,5.68121044062e-09,3,2
207,1.13238896876e-08,3,2
208,1.48709001247e-08,3,2
209,2.69739761727e-08,3,2
210,8.74444033531e-09,3,2
211,6.2506158578e-09,3,2
212,2.46085890073e-08,3,2
213,1.00074072381e-08,3,2
214,3.54272919338e-09,3,2
215,1.44192289103e-08,3,2
216,5.54549501412e-08,4,0
217,6.18703938829e-08,4,0
218,4.18298919443e-08,4,0
219,5.76876187506e-08,4,0
220,6.37691254808e-09,5,1
221,2.224106122e-09,5,1
222,1.65962413512e-08,5,1
223,3.95800983598e-09,5,2
224,9.22608025586e-10,5,2
225,1.4620447366e-08,6,0
226,7.4151141546e-09,6,0
227,3.9708535672e-09,6,1
228,7.4493641045e-09,6,2
229,3.25374524105e-10,6,2
230,1.26467940027e-08,6,2
231,2.31722317331e-08,6,2
232,3.02277214137e-08,6,2
233,4.0738174791e-08,7,0
234,4.92343029895e-10,7,0
235,1.9543877665e-09,7,0
236,7.26527062376e-09,7,1
237,3.48728708697e-08,7,1
238,7.00197413386e-09,7,1
239,5.11608626717e-10,7,1
240,3.84241625505e-09,7,1
241,2.63724614274e-09,7,2
242,3.99011916402e-09,7,2
243,1.79748018349e-08,7,2
244,1.84457386461e-08,7,2
245,2.0492173153e-08,7,2
246,9.33311134932e-10,8,0
247,8.2050036243e-09,8,1
248,4.58949328737e-09,8,1
249,1.19147013235e-08,8,1
250,1.51192122615e-08,8,2
251,1.83044576028e-08,8,2
252,9.07837734689e-09,8,2
253,5.50353882548e-08,9,0
254,5.30895629758e-08,9,0
255,6.10719419257e-09,9,0
256,1.07994373297e-08,9,0
257,1.76686929076e-08,9,0
258,2.54327284269e-08,9,1
259,2.92515978414e-08,9,1
260,1.48430720404e-08,9,1
261,1.7548818083e-08,9,1
262,4.07424560348e-08,9,2
263,2.81877087724e-08,9,2
264,4.44157631622e-08,9,2
265,3.9789879303e-08,9,2
266,3.71611956477e-08,9,2
267,1.18119514737e-08,9,2
268,4.17913607506e-08,9,2
269,3.51061986534e-09,10,1
270,7.45792659198e-09,10,2
271,3.43569809992e-09,11,0
272,1.07266561861e-08,11,0
273,1.22186696289e-08,11,0
274,1.40146513771e-08,11,0
275,2.02930953192e-09,11,0
276,6.25703772341e-09,11,0
277,2.20698114705e-08,11,1
278,3.57483852141e-10,11,1
279,1.74160995271e-08,11,1
280,6.43470933854e-09,11,1
281,9.56215788931e-09,11,1
282,1.42586822701e-08,11,1
283,4.87419599596e-09,11,1
284,1.82809107622e-09,11,2
285,1.48880250997e-08,11,2
286,3.99589884307e-08,11,2
287,1.1251108544e-08,11,2
288,3.66902588365e-09,11,2
289,1.77050834794e-08,12,0
290,2.0115423704e-08,12,0
291,2.8373942875e-08,12,0
292,2.19456554021e-08,12,0
293,4.04877220323e-08,12,0
294,3.98177073873e-08,12,0
295,2.90161294358e-08,12,0
296,1.8595582177e-08,12,0
297,4.19283605502e-08,12,0
298,4.6021229564e-08,12,0
299,1.56928989224e-08,12,0
300,1.29229342238e-08,12,1
301,8.2114254899e-09,12,1
302,2.44651673421e-08,12,1
303,1.99591583076e-08,12,1
304,1.93062686375e-08,12,1
305,1.50228842774e-08,12,1
306,9.0569711282e-09,12,1
307,1.84714261085e-08,12,1
308,1.79491143725e-08,12,1
309,1.69858345314e-08,12,1
310,2.82091149911e-08,12,1
311,2.49489478845e-08,12,1
312,1.06367500676e-08,12,2
313,7.48575467628e-09,12,2
314,2.04343763625e-08,12,2
315,4.38827483167e-09,12,2
316,7.73684962152e-08,13,1
317,7.06747716305e-08,13,1
318,6.91313832629e-08,13,1
319,6.85726809551e-08,13,1
320,7.64437475678e-08,13,1
321,3.20301250275e-08,13,2
322,9.19183030596e-09,14,0
323,3.38624973474e-08,14,1
324,1.47253378376e-08,14,1
325,3.53181202184e-08,14,1
326,1.79619581037e-08,14,1
327,1.05254377304e-08,14,1
328,3.93553330636e-08,14,1
329,3.32567013585e-08,14,1
330,1.41559324204e-08,14,2
331,4.34974363803e-09,14,2
332,1.12147179723e-08,15,0
333,2.81085057633e-08,15,0
334,1.32333243948e-08,15,0
335,1.01508289033e-08,15,1
336,1.11034056351e-08,15,2
337,6.54816229761e-09,15,2
338,1.68895065473e-09,15,2
339,1.60910545901e-08,15,2
340,7.37230171721e-09,15,2
341,3.24325619389e-08,16,2
342,3.32545607366e-08,16,2
343,7.37872358282e-09,16,2
344,2.86779111805e-08,16,2
345,2.01389705446e-08,17,0
346,1.35993707345e-08,17,0
347,6.7429588877e-09,17,0
348,1.69194752534e-08,17,1
349,1.27944969117e-08,17,1
350,2.49318229095e-08,17,1
351,7.45578597011e-09,17,2
352,8.95422127849e-09,17,2
353,9.73982950445e-09,17,2
354,3.84113188193e-08,18,0
355,3.58639787951e-08,18,0
356,3.70734301511e-08,18,0
357,3.51554329564e-08,18,0
358,3.0762876881e-08,18,0
359,2.92366134883e-08,18,0
360,4.24528129082e-08,18,0
361,2.71987414689e-08,18,0
362,2.72436945282e-08,18,1
363,3.23726245265e-08,18,1
364,2.09631099642e-08,18,1
365,1.56736333256e-08,18,1
366,2.66807109766e-08,18,1
367,3.52988546216e-08,18,2
368,2.93008321444e-08,18,2
369,1.17498734395e-08,18,2
370,3.33701543175e-08,18,2
371,2.8701458021e-08,18,2
372,3.25438742761e-08,18,2
373,1.65705538888e-08,18,2
374,1.02814068373e-08,18,2
375,3.09705172023e-08,18,2
376,2.45850421667e-08,18,2
377,2.09224381487e-08,18,2
378,1.5536633526e-08,18,2
379,1.28458718365e-08,18,2
380,3.8743115209e-08,18,2
381,2.26734668376e-08,18,2
382,2.99922530081e-08,18,2
383,3.40530126938e-08,18,2
384,1.95010652276e-08,18,2
385,2.03722983283e-08,19,0
386,5.96377252734e-09,19,0
387,2.48461980348e-08,19,1
388,1.10605931977e-08,19,1
389,1.84114886962e-08,19,1
390,5.16317994829e-09,19,1
391,3.14585789884e-08,19,1
392,4.14809705796e-08,19,1
393,7.42581726394e-09,19,2
394,2.724583515e-08,19,2
395,2.10744223014e-08,19,2
396,3.76321324589e-09,19,2
397,1.16000299087e-08,20,0
398,8.87501826933e-09,20,0
399,1.31519807638e-08,20,0
400,1.88653005325e-08,20,0
401,6.1607097393e-09,20,0
402,5.46436544528e-08,20,1
403,5.68763230622e-09,20,1
404,4.69502594552e-08,20,1
405,6.34694384191e-08,20,1
406,4.03036285516e-08,20,1
407,9.91750111958e-09,20,1
408,5.81692586712e-08,20,1
409,2.06998134743e-09,20,1
410,2.14104999348e-08,20,1
411,8.01876952168e-09,20,1
412,3.09876421772e-08,20,1
413,3.67758837113e-08,20,1
414,4.26155001702e-08,20,1
415,3.08891735713e-09,20,1
416,4.49380748982e-08,20,1
417,6.87931650076e-08,20,1
418,4.14210331673e-09,20,1
419,6.43278277886e-08,20,1
420,4.42273884377e-08,20,1
421,4.97673178349e-08,20,1
422,2.60706337439e-08,20,1
423,1.73625839803e-08,20,1
424,1.16899360272e-08,20,1
425,6.71855579839e-08,20,1
426,1.55558991228e-08,20,1
427,5.90811635874e-10,20,1
428,2.90589418732e-08,20,1
429,1.85185197897e-08,20,2
430,2.80464277291e-08,20,2
431,1.94047372435e-08,20,2
432,7.43652037329e-09,20,2
433,1.10370463571e-08,20,2
434,2.62632897121e-08,20,2
435,2.36924028473e-08,20,2
436,3.68615085861e-09,20,2
437,5.15889870455e-09,20,2
438,2.12028596135e-08,21,0
439,3.87174277466e-08,21,0
440,4.31849055874e-08,21,0
441,2.22346393544e-08,21,0
442,3.45132463957e-08,21,0
443,1.82573639216e-08,21,0
444,1.43250415481e-08,21,0
445,3.55964010614e-08,21,0
446,4.54668084999e-09,21,0
447,2.89626138891e-08,21,0
448,3.20665155993e-08,21,0
449,1.25183566906e-08,21,0
450,2.48440574129e-08,21,0
451,7.19034885834e-09,21,0
452,1.44277913978e-08,21,1
453,2.93372227161e-08,21,1
454,1.81781609125e-08,21,1
455,1.85163791678e-09,21,1
456,3.19081095809e-08,21,1
457,7.74262930057e-09,21,1
458,3.18952658497e-10,21,1
459,5.90811635874e-09,21,1
460,3.34300917299e-08,21,1
461,1.93019873938e-08,21,1
462,3.55578698678e-08,21,1
463,2.67856014482e-08,21,1
464,2.21661394546e-08,21,1
465,2.58822590194e-08,21,2
466,4.10592680714e-08,21,2
467,3.6698821324e-08,21,2
468,6.10933481444e-09,21,2
469,3.33080762833e-08,21,2
470,2.37223715535e-08,21,2
471,5.38366400081e-09,21,2
472,2.1800093115e-08,21,2
473,2.51951193994e-09,21,2
474,3.04375023569e-08,21,2
475,1.16257173711e-08,21,2
476,3.8531193644e-08,22,1
477,3.39887940377e-08,22,1
478,3.08870329494e-08,22,1
479,4.4957340495e-08,22,1
480,5.31666253631e-08,22,1
481,3.92846925419e-08,22,1
482,2.35789498882e-08,22,1
483,5.47913573617e-08,22,1
484,2.33135127765e-08,22,1
485,9.55359540184e-09,22,1
486,4.67704472182e-08,22,1
487,3.98904885309e-08,22,1
488,4.60726044888e-08,22,1
489,5.12100969747e-08,22,1
490,2.16159996343e-08,22,1
491,3.8809474487e-08,22,1
492,2.28982321339e-08,22,1
493,5.00092081061e-08,22,1
494,3.56756040706e-08,22,1
495,4.2013985425e-08,22,1
496,3.61636658567e-08,22,1
497,4.72199778107e-08,22,1
498,1.17434515739e-08,22,1
499,2.25386076599e-08,22,1
500,4.10442837183e-08,22,1
501,2.62675709558e-08,22,1
502,2.72800850999e-08,22,2
503,1.8595582177e-08,22,2
504,2.51137757684e-08,22,2
505,9.90465738837e-09,22,2
506,9.53432980501e-09,22,2
507,2.25964044503e-08,22,2
508,1.32504493698e-08,22,2
509,1.15914674212e-08,22,2
510,2.09930786704e-08,22,2
511,3.41985749809e-08,22,2
512,4.1784938885e-09,22,2
513,3.10111890178e-08,22,2
514,8.89214324428e-09,22,2
515,2.48333543035e-08,22,2
516,2.64623675459e-08,22,2
517,1.50335873868e-08,22,2
518,2.20355615206e-08,22,2
519,2.13355781694e-08,22,2
520,7.32092679235e-09,22,2
521,2.72929288311e-09,22,2
522,3.15270788882e-08,22,2
523,4.16607828166e-08,22,2
524,3.25438742761e-08,22,2
525,2.40755741619e-08,22,2
526,1.21758571915e-08,22,2
527,3.33209200146e-08,22,2
528,5.12892999839e-09,22,2
529,1.56436646195e-08,22,2
530,6.19710031107e-09,22,2
531,2.55333376547e-08,22,2
532,1.91414407536e-08,22,2
533,3.83599438944e-09,22,2
534,3.37319194134e-08,22,2
535,3.18524534124e-09,22,2
536,3.58960881231e-08,22,2
537,5.87172578697e-09,22,2
538,1.61702575993e-08,22,2
539,2.4383823711e-08,23,0
540,2.13527031444e-08,23,0
541,1.82209733499e-08,23,0
542,4.15644548325e-08,23,1
543,2.03508921096e-08,23,1
544,6.22749714161e-08,23,1
545,1.30278246954e-08,23,1
546,4.4565606693e-08,23,1
547,2.30823256146e-08,23,1
548,5.15204871457e-08,23,1
549,6.41116249798e-09,23,1
550,1.51234935053e-08,23,1
551,5.43247017943e-08,23,1
552,4.38399358794e-09,23,1
553,5.76148376071e-08,23,1
554,1.13217490657e-08,23,2
555,1.86705039424e-08,23,2
556,2.1489702944e-08,23,2
557,2.60963212063e-08,23,2
558,1.35694020283e-08,23,2
559,2.48440574129e-08,23,2
560,9.71628266389e-09,23,2
561,1.54959617105e-08,24,0
562,8.72517473849e-09,24,0
563,9.62637654539e-09,24,1
564,1.75894898985e-08,24,1
565,1.86876289173e-09,24,2
566,6.21422528603e-09,25,1
567,1.56886176787e-08,25,2
568,2.6526586202e-08,26,0
569,2.71430853003e-08,26,0
570,3.03497368602e-08,26,0
571,2.41654802804e-08,26,0
572,2.78944435764e-08,26,0
573,2.47049169914e-08,26,0
574,1.84650042429e-08,26,0
575,1.20666854762e-08,26,0
576,3.44854183114e-09,26,0
577,2.92045041603e-08,26,0
578,5.61485116267e-09,26,0
579,4.64514945597e-09,26,0
580,2.56425093701e-08,26,0
581,3.16919067722e-08,26,0
582,1.23984818659e-08,26,0
583,3.13494072731e-08,26,1
584,2.40113555058e-08,26,1
585,2.98124407711e-08,26,1
586,2.74277880089e-08,26,1
587,3.33937011581e-08,26,1
588,1.31605432513e-08,26,1
589,2.33284971296e-08,26,1
590,2.1112953495e-08,26,1
591,5.68121044062e-09,26,1
592,2.15838903062e-08,26,1
593,2.88106297363e-08,26,1
594,2.81663025537e-08,26,1
595,2.67813202044e-08,26,1
596,1.24370130595e-09,26,1
597,1.5519508551e-08,26,1
598,2.55376188985e-08,26,1
599,5.18672678885e-09,26,2
600,1.66497568979e-08,26,2
601,1.42137292109e-09,26,2
602,2.06912509868e-08,26,2
603,2.39963711527e-08,26,2
604,2.76782407676e-08,26,2
605,1.01765163657e-08,26,2
606,1.50271655211e-08,26,2
607,2.61926491904e-08,27,2
608,4.36686861298e-10,28,0
609,1.1366702125e-09,28,0
610,1.14394832685e-08,28,0
611,2.53021504929e-09,28,0
612,1.61467107587e-08,28,0
613,5.32072971786e-08,28,1
614,1.92227843846e-09,28,1
615,3.30041079779e-08,28,1
616,8.32487844897e-09,28,1
617,1.81417703407e-08,28,1
618,1.08315466577e-08,28,2
619,3.39481222222e-08,28,2
620,9.4658299052e-09,28,2
621,3.03604399696e-08,28,2
622,1.40403388395e-08,28,2
623,2.38186995376e-08,28,2
624,9.95175106949e-09,29,0
625,1.6517038342e-08,29,0
626,1.30856214859e-08,29,1
627,3.37982786914e-08,29,1
628,1.86041446644e-08,29,1
629,1.54659930043e-08,29,1
630,4.08130965564e-08,29,2
631,2.23502329354e-08,29,2
632,1.68723815723e-08,29,2
633,3.23940307452e-08,29,2
634,5.04116450175e-09,29,2
635,2.14704373472e-08,29,2
636,4.29194684756e-08,29,2
637,2.67449296327e-08,29,2
638,1.61017576994e-08,29,2
639,1.06174844708e-08,29,2
640,3.31646546181e-08,29,2
641,4.53383711877e-09,29,2
642,1.1317467822e-08,29,2
643,5.87600703071e-09,29,2
644,1.11312337194e-08,30,0
645,2.95234568188e-08,30,0
646,2.53428223084e-08,30,0
647,1.84521605117e-08,30,0
648,8.9049869755e-10,30,0
649,1.55494772572e-08,30,0
650,2.51651506933e-08,30,0
651,2.3516871854e-08,30,0
652,6.12645978939e-09,30,0
653,6.35336570752e-09,30,1
654,8.92425257232e-09,30,1
655,2.57837904134e-08,30,1
656,1.43057759513e-08,30,1
657,2.02331579068e-08,30,1
658,1.27217157681e-08,30,1
659,2.89775982421e-08,30,1
660,2.00726112666e-08,30,2
661,6.63592779424e-09,30,2
662,5.97233501482e-10,30,2
663,2.31829348425e-08,30,2
664,8.26280041476e-09,30,2
665,1.27623875836e-08,30,2
666,4.73077433073e-09,30,2
667,1.45369631131e-08,30,2
668,2.3632465435e-08,31,0
669,2.72501163938e-09,31,0
670,1.16877954053e-09,31,0
671,8.78083090709e-09,31,0
672,3.22206403738e-08,31,1
673,7.20747383329e-09,31,1
674,2.25835607191e-09,31,1
675,9.46154866146e-10,31,1
676,1.49522437557e-08,31,1
677,5.32586721034e-09,31,2
678,1.53482588015e-08,31,2
679,1.40638856801e-09,31,2
680,3.04396429787e-09,31,2
681,1.40745887894e-08,32,0
682,1.82809107622e-08,32,0
683,7.75119178805e-09,32,0
684,1.33810273038e-08,32,0
685,2.21747019421e-08,32,0
686,3.25674211166e-08,32,1
687,3.74116484064e-08,32,1
688,4.18812668691e-08,32,1
689,4.22259069901e-08,32,1
690,4.10635493151e-08,32,1
691,4.61774949604e-08,32,1
692,3.69920865201e-08,32,1
693,3.66367432898e-08,32,1
694,3.13665322481e-08,32,1
695,3.87666620496e-08,32,1
696,4.58178704864e-08,32,1
697,3.29762798936e-08,32,1
698,1.79833643224e-08,32,1
699,1.86854882955e-08,32,1
700,2.01453924102e-08,32,1
701,1.75338337299e-08,32,1
702,3.47679803981e-08,32,1
703,1.62473199865e-08,32,1
704,4.13867832174e-08,32,1
705,4.30821557377e-08,32,1
706,2.73250381592e-08,32,2
707,6.70014645031e-09,32,2
708,2.09909380485e-08,32,2
709,3.19808907245e-09,32,2
710,4.4139622941e-09,32,2
711,1.58513049408e-08,32,2
712,9.98386039753e-09,32,2
713,7.54141084487e-09,32,2
714,2.59721651379e-08,32,2
715,9.38020503044e-09,32,2
716,5.73258536548e-09,32,2
717,2.41440740617e-08,32,2
718,9.02486180017e-09,32,2
719,3.39459816003e-08,32,2
720,7.1239895804e-09,32,2
721,1.0711671833e-08,32,2
722,1.19596543827e-08,32,2
723,6.46039680097e-09,32,2
724,4.86349288662e-09,32,2
725,2.14789998346e-08,32,2
726,2.63510552087e-09,32,2
727,3.67116650552e-09,32,2
728,6.18425657986e-09,32,2
729,3.62236032691e-08,32,2
730,1.29165123582e-08,32,2
731,1.40703075457e-08,33,0
732,1.43635727417e-09,33,0
733,8.19215989308e-09,33,0
734,1.01593913908e-08,33,0
735,2.76161627334e-08,33,0
736,1.00395165661e-09,33,1
737,1.49629468651e-08,33,1
738,1.28694186771e-08,33,1
739,2.82690524035e-08,33,1
740,4.95125838325e-09,33,2
741,2.55804313359e-09,33,2
742,1.77885677323e-09,33,2
743,1.14073739405e-08,33,2
744,5.28284071078e-08,34,0
745,4.92942404019e-08,34,0
746,5.60050899615e-08,34,0
747,2.3861511975e-08,34,0
748,2.14468905066e-08,34,0
749,3.83428189195e-08,34,0
750,8.5025500641e-09,34,1
751,5.5228044223e-10,34,1
752,1.69002096566e-08,34,1
753,2.03787201939e-09,34,2
754,2.86800518023e-08,34,2
755,1.2216529007e-08,35,0
756,6.91420863722e-10,35,0
757,2.35382780727e-08,35,0
758,2.98402688554e-09,35,0
759,1.27045907932e-08,35,0
760,1.65684132669e-09,35,0
761,7.4493641045e-09,35,0
762,2.01090018384e-08,35,0
763,1.39268858804e-08,35,0
764,1.94668152777e-08,35,0
765,2.07897195928e-08,35,0
766,5.84389770267e-09,35,0
767,1.33639023289e-08,35,0
768,1.78292395478e-08,35,0
769,1.49329781589e-08,35,0
770,4.85278977727e-09,35,0
771,2.17230307277e-08,35,0
772,1.33574804632e-09,35,1
773,4.13140020738e-10,35,1
774,2.04001264126e-08,35,1
775,1.12789366283e-08,35,1
776,7.77259800674e-09,35,1
777,1.57956487722e-08,35,1
778,3.12958917264e-09,35,1
779,5.86530392136e-09,35,1
780,6.64663090359e-09,35,1
781,8.7037685198e-09,35,1
782,1.80004892973e-08,35,1
783,2.18129368462e-09,35,1
784,1.658339762e-08,35,1
785,2.15346560032e-08,35,2
786,1.45284006256e-08,35,2
787,1.68873659254e-08,35,2
788,5.65124173445e-10,35,2
789,1.39397296116e-08,35,2
790,2.33113721546e-09,35,2
791,1.33253711352e-08,35,2
792,1.75745055454e-08,35,2
793,1.95588620181e-08,35,2
794,1.05789532771e-08,35,2
795,8.13222248075e-09,35,2
796,9.20467403717e-09,35,2
797,1.21523103509e-08,35,2
798,4.4139622941e-09,35,2
799,1.60139922028e-08,35,2
800,7.57780141665e-09,35,2
801,1.53375556922e-08,35,2
802,2.91980822947e-09,35,2
803,1.20195917951e-08,36,0
804,1.65619914013e-08,36,0
805,1.27516844743e-08,36,0
806,5.03688325801e-09,36,0
807,4.6151807498e-09,36,1
808,3.40316064751e-08,36,1
809,1.1169764913e-08,36,1
810,1.28522937021e-08,36,1
811,2.10722816795e-08,36,1
812,3.26316397727e-08,36,1
813,2.135912501e-08,36,1
814,2.75776315397e-08,36,1
815,3.02748150948e-08,36,1
816,3.17004692596e-08,36,1
817,2.69889605257e-08,36,1
818,1.17991077425e-08,36,1
819,2.97203940307e-08,36,1
820,3.49285270383e-08,36,1
821,2.9617644181e-08,36,1
822,2.17765462745e-08,36,1
823,3.06194552157e-08,36,1
824,1.69537252033e-08,36,1
825,2.03573139752e-08,36,1
826,5.37510151333e-09,36,1
827,2.88063484926e-08,36,1
828,3.25160461918e-09,36,2
829,2.51437444746e-08,36,2
830,2.82198181005e-08,36,2
831,1.19510918952e-08,36,2
832,6.8949430404e-09,36,2
833,2.66807109766e-08,36,2
834,2.84659896154e-08,36,2
835,1.4277947867e-08,36,2
836,1.06881249925e-08,36,2
837,8.73801846971e-09,36,2
838,2.63617583181e-08,36,2
839,3.05231272316e-08,37,0
840,1.63115386426e-09,37,1
841,1.98178772642e-08,37,1
842,1.91200345349e-08,37,1
843,8.01448827795e-09,37,1
844,1.60461015308e-08,37,1
845,3.48321990542e-08,37,1
846,2.54412909144e-08,37,1
847,1.94539715465e-08,37,1
848,1.2216529007e-08,37,1
849,2.30330913116e-08,37,1
850,1.15978892868e-08,37,1
851,3.51768391751e-08,37,1
852,1.01486882814e-08,37,1
853,2.72693819906e-08,37,1
854,4.61946199354e-09,37,1
855,4.28124373822e-10,37,2
856,1.71099905998e-08,37,2
857,4.84850853353e-09,37,2
858,1.60204140684e-08,37,2
859,7.54569208861e-09,37,2
860,8.71233100728e-10,37,2
861,1.68081629162e-08,37,2
862,9.18540844035e-09,37,2
863,2.29110758651e-08,38,0
864,1.24648411438e-08,38,0
865,2.46171514948e-09,38,0
866,1.34366834724e-08,38,1
867,2.50324321374e-08,38,1
868,3.21285936335e-08,39,0
869,2.92173478915e-08,39,0
870,3.30319360622e-08,39,0
871,1.91756907035e-08,39,1
872,3.48257771885e-08,39,1
873,5.66622608753e-09,39,1
874,7.9138790501e-09,39,1
875,2.47391669413e-08,39,1
876,4.3240561756e-09,39,1
877,3.51704173095e-08,39,1
878,4.12711896364e-09,39,2
879,2.4728463832e-08,39,2
880,3.62942437908e-08,39,2
881,3.02748150948e-08,39,2
882,5.84389770267e-10,39,2
883,1.75616618142e-08,39,2
884,3.56991509111e-08,39,2
885,4.51756839257e-08,39,2
886,3.39994971471e-08,39,2
887,4.07360341692e-08,40,0
888,1.49565249995e-08,40,0
889,2.82240993442e-08,40,0
890,1.99249083577e-08,40,0
891,2.29474664369e-08,40,1
892,2.46599639321e-09,40,1
893,4.14852518233e-09,40,2
894,2.57345561104e-08,40,2
895,2.76397095739e-08,40,2
896,2.70895697536e-08,41,0
897,5.50268257673e-08,41,0
898,5.30810004883e-08,41,0
899,2.0410829522e-08,41,0
900,1.97900491799e-08,41,1
901,2.04985950186e-08,41,1
902,2.08732038457e-08,41,1
903,2.01775017382e-08,41,1
904,1.87518475734e-08,41,1
905,2.21532957234e-08,41,1
906,2.4024199237e-08,41,2
907,1.38990577961e-08,41,2
908,4.7117227961e-08,42,0
909,1.63179605082e-08,42,0
910,1.79512549944e-08,42,0
911,2.68712263229e-08,42,1
912,3.70884145042e-08,42,1
913,4.11384710805e-08,42,2
914,4.79713360867e-09,43,0
915,5.69191354996e-09,43,0
916,1.07651873798e-08,43,0
917,1.01593913908e-08,43,1
918,1.635435108e-09,43,1
919,4.92128967708e-09,43,1
920,6.44113120415e-09,43,1
921,1.5617977157e-08,43,1
922,1.15015613027e-08,43,2
923,2.94185663472e-08,43,2
924,4.33989677743e-08,43,2
925,2.48504792785e-08,43,2
926,3.31860608368e-08,43,2
927,3.97684730843e-08,43,2
928,1.31840900918e-08,44,1
929,1.57185863849e-08,44,1
930,1.33403554883e-08,44,1
931,1.02321725343e-08,44,1
932,1.1317467822e-08,44,1
933,1.46718222909e-08,44,1
934,1.20902323167e-08,44,1
935,1.18654670205e-08,44,1
936,1.68681003286e-08,44,1
937,1.23364038317e-08,44,1
938,1.27966375335e-08,44,1
939,1.63671948112e-08,44,1
940,1.3704261206e-08,44,1
941,7.60348887908e-09,44,2
942,7.40869228899e-09,44,2
943,3.51276048721e-09,44,2
944,5.79894464342e-09,44,2
945,5.315164101e-09,44,2
946,6.96344294021e-09,44,2
947,1.33553398414e-08,44,2
948,6.23991274845e-09,44,2
949,1.48601970154e-08,44,2
950,1.43742758511e-08,44,2
951,1.35437145659e-08,44,2
952,1.2576153481e-08,44,2
953,4.13354082925e-09,44,2
954,1.29571841737e-08,44,2
955,8.15576932131e-09,44,2
956,5.61056991894e-09,44,2
957,1.31691057388e-08,44,2
958,1.37663392402e-08,44,2
959,3.80816630515e-09,44,2
960,7.82611355346e-09,44,2
961,3.0107846589e-08,45,0
962,3.48536052728e-08,45,0
963,2.50538383561e-08,45,0
964,1.61210232963e-08,45,1
965,1.25868565904e-08,45,1
966,1.12575304096e-08,45,1
967,1.83579731495e-08,45,1
968,2.25236233068e-08,45,2
969,7.66556691328e-09,45,2
970,8.43190954242e-09,45,2
971,2.6543711177e-08,45,2
972,6.20352217668e-09,45,2
973,2.19820459739e-08,45,2
974,5.03260201428e-09,46,0
975,1.29486216862e-08,46,1
976,1.41559324204e-08,46,2
977,4.34974363803e-09,46,2
978,2.51180570121e-08,47,0
979,1.84885510835e-08,47,0
980,9.62209530165e-09,47,1
981,3.26252179071e-08,47,1
982,1.20838104511e-08,47,1
983,2.77424594237e-08,47,1
984,6.12431916752e-09,47,1
985,3.32930919303e-08,47,1
986,1.452197876e-08,47,1
987,2.90418168982e-08,47,1
988,1.68959284129e-08,47,2
989,2.98124407711e-08,47,2
990,1.87004726485e-08,47,2
991,2.55825719577e-08,47,2
992,5.70689790305e-09,47,2
993,1.18718888861e-08,47,2
994,8.89642448802e-09,47,2
995,2.28190291247e-09,47,2
996,8.24353481794e-09,47,2
997,3.71826018664e-09,47,2
998,1.77222084544e-08,47,2
999,4.61946199354e-09,47,2
1000,2.76439908177e-08,47,2
1001,1.12639522753e-08,47,2
1002,1.04676409399e-09,47,2
1003,2.13762499849e-08,47,2
1004,1.249480985e-08,48,0
1005,4.82068044923e-09,48,0
1006,7.37872358282e-09,48,0
1007,2.53663691489e-09,48,0
1008,1.8317301334e-08,48,0
1009,3.58126038702e-09,48,0
1010,1.95181902025e-08,48,1
1011,1.02621412405e-08,48,1
1012,7.02123973068e-09,48,1
1013,7.5328483574e-09,48,1
1014,1.33810273038e-08,48,1
1015,8.35484715513e-09,48,1
1016,8.89214324428e-09,48,1
1017,7.8860509658e-09,48,2
1018,1.0989952676e-08,48,2
1019,3.22591715675e-08,48,2
1020,1.27538250962e-08,48,2
1021,5.6341167595e-09,48,2
1022,2.00747518885e-08,48,2
1023,3.24111557202e-08,48,2
1024,2.63360708557e-08,48,2
1025,3.7418070272e-09,48,2
1026,2.43089019456e-08,48,2
1027,2.26327950221e-08,48,2
1028,1.87689725484e-08,48,2
1029,1.51127903959e-08,48,2
1030,1.18547639111e-08,48,2
1031,2.50153071624e-08,49,0
1032,3.81993972543e-08,49,0
1033,8.71875287288e-09,49,1
1034,2.44887141826e-08,49,1
1035,1.96316431616e-08,49,1
1036,3.13601103825e-09,49,2
1037,2.02502828818e-08,49,2
1038,1.62837105583e-08,50,0
1039,6.54816229761e-09,50,0
1040,9.52362669567e-09,50,0
1041,1.34002929006e-08,50,0
1042,5.45858576623e-09,50,0
1043,1.58491643189e-08,50,0
1044,2.47348856976e-08,50,0
1045,2.16481089623e-08,50,0
1046,2.26049669378e-08,50,0
1047,2.27740760655e-08,50,0
1048,3.75893200216e-09,50,0
1049,8.84076831942e-09,50,0
1050,8.00592579047e-09,50,0
1051,8.51325317345e-09,50,0
1052,1.12917803596e-08,50,0
1053,2.32664190954e-08,50,0
1054,6.99127102451e-09,50,0
1055,9.95603231323e-09,50,0
1056,1.82316764592e-08,50,0
1057,1.74268026364e-08,50,0
1058,4.268400007e-09,50,0
1059,5.99588185538e-09,50,0
1060,2.07661727522e-08,50,0
1061,1.409813563e-08,50,0
1062,2.92194885133e-09,50,0
1063,2.33113721546e-09,50,0
1064,1.24177474627e-08,50,0
1065,2.338629392e-08,50,0
1066,1.77243490762e-08,50,0
1067,1.93233936125e-08,50,0
1068,1.0630328202e-08,50,0
1069,1.49650874869e-08,50,0
1070,2.20034521926e-08,50,0
1071,2.36260435694e-08,50,0
1072,1.69387408503e-08,50,0
1073,1.17734202801e-08,50,0
1074,5.03688325801e-09,50,0
1075,1.36571675249e-09,50,0
1076,1.10584525758e-08,50,0
1077,2.22496237075e-08,50,0
1078,1.0302813056e-08,50,0
1079,2.41911677428e-08,50,0
1080,1.44320726415e-08,50,0
1081,2.12713595133e-08,50,0
1082,1.88952692386e-08,50,1
1083,2.45486515949e-08,50,1
1084,7.59920763534e-10,50,1
1085,2.27526698468e-08,50,1
1086,1.6534163317e-08,50,1
1087,2.44844329389e-08,50,1
1088,2.12842032446e-08,50,1
1089,1.81096610127e-08,50,1
1090,2.28061853935e-08,50,1
1091,1.02578599968e-08,50,1
1092,5.59130432211e-09,50,1
1093,2.28532790746e-08,50,1
1094,2.43666987361e-08,50,1
1095,1.17777015238e-08,50,1
1096,1.66561787635e-08,50,1
1097,8.66095608242e-09,50,1
1098,1.03541879809e-08,50,1
1099,2.292820084e-08,50,1
1100,4.13140020738e-09,50,1
1101,1.36464644156e-08,50,1
1102,1.17006391366e-08,50,1
1103,1.79362706413e-08,50,1
1104,1.19789199795e-08,50,1
1105,2.1112953495e-08,50,1
1106,2.13890937161e-08,50,1
1107,1.01122977097e-08,50,1
1108,1.2396341244e-08,50,1
1109,2.23052798761e-08,50,1
1110,9.80832940426e-09,50,1
1111,1.85527697396e-08,50,1
1112,1.22850289068e-08,50,1
1113,9.11904916241e-09,50,1
1114,2.24230140789e-08,50,1
1115,2.16395464748e-08,50,1
1116,2.80849589227e-09,50,1
1117,5.94664755239e-09,50,1
1118,6.87995868732e-09,50,1
1119,9.96245417884e-09,50,1
1120,2.15624840875e-08,50,1
1121,1.8398644965e-08,50,1
1122,1.21630134603e-08,50,1
1123,1.95010652276e-08,50,1
1124,8.91997132858e-09,50,1
1125,2.14490311285e-08,50,1
1126,1.64164291142e-08,50,1
1127,2.26434981314e-08,50,1
1128,1.82637857872e-08,50,1
1129,2.45957452761e-08,50,1
1130,1.67824754538e-08,50,1
1131,7.43009850768e-09,50,1
1132,2.10551567046e-08,50,1
1133,2.33284971296e-08,50,1
1134,1.75723649235e-08,50,1
1135,2.0770453996e-08,50,1
1136,8.23069108673e-09,50,1
1137,2.02930953192e-08,50,1
1138,1.12254210816e-08,50,1
1139,1.71313968185e-08,50,1
1140,1.74717556957e-08,50,1
1141,8.16647243065e-09,50,1
1142,2.34376688449e-08,50,1
1143,2.03573139752e-08,50,1
1144,2.06527197932e-08,50,1
1145,1.80026299192e-09,50,1
1146,1.73904120646e-08,50,1
1147,1.09557027261e-08,50,1
1148,2.05863605152e-08,50,1
1149,2.36602935193e-08,50,1
1150,2.05606730528e-08,50,1
1151,2.35618249133e-08,50,1
1152,1.65470070482e-09,50,1
1153,2.36174810819e-08,50,1
1154,8.28634725532e-09,50,1
1155,2.0819688299e-08,50,1
1156,1.07202343205e-08,50,1
1157,1.70008188845e-08,50,1
1158,4.24913441018e-09,50,1
1159,1.78313801697e-08,50,1
1160,1.05211564867e-08,50,1
1161,8.49184695476e-09,50,1
1162,2.41483553054e-08,50,1
1163,2.30887474802e-08,50,1
1164,1.99912676356e-08,50,1
1165,1.77885677323e-08,50,1
1166,2.40777147837e-08,50,1
1167,2.31529661363e-08,50,1
1168,2.86843330461e-10,50,1
1169,8.42334705495e-09,50,1
1170,2.09288600143e-08,50,1
1171,1.06281875801e-08,50,1
1172,1.69280377409e-08,50,1
1173,2.08881881988e-08,50,1
1174,2.32193254142e-08,50,1
1175,2.01282674352e-08,50,1
1176,5.16746119203e-09,50,1
1177,2.08625007363e-08,50,1
1178,4.4353685128e-09,50,1
1179,2.0181782982e-08,50,1
1180,1.7743614673e-08,50,1
1181,1.29657466612e-08,50,1
1182,2.05200012373e-08,50,1
1183,3.43569809992e-09,50,1
1184,1.87946600108e-08,50,1
1185,2.20719520924e-08,50,1
1186,1.89659097603e-08,50,1
1187,6.38333441368e-09,50,1
1188,2.19670616208e-08,50,1
1189,3.26444835039e-09,50,1
1190,3.09319860086e-09,50,1
1191,9.56643913305e-09,50,1
1192,1.28522937021e-08,50,1
1193,1.26232471621e-08,50,1
1194,9.35665818988e-09,50,1
1195,1.20838104511e-08,50,2
1196,2.14126405567e-08,50,2
1197,4.99193019876e-09,50,2
1198,2.28918102683e-08,50,2
1199,7.63345758524e-09,50,2
1200,2.10594379483e-08,50,2
1201,3.5962447401e-10,50,2
1202,2.17059057528e-08,50,2
1203,2.67470702545e-08,50,2
1204,5.20171114194e-09,50,2
1205,7.31664554862e-09,50,2
1206,9.52790793941e-09,50,2
1207,1.37256674247e-08,50,2
1208,2.1260656404e-08,50,2
1209,1.02107663157e-08,50,2
1210,2.80293027541e-08,50,2
1211,9.75267323566e-09,50,2
1212,6.15642849556e-09,50,2
1213,1.40146513771e-08,50,2
1214,8.84076831942e-09,50,2
1215,2.21704206984e-08,50,2
1216,8.00806641234e-09,50,2
1217,7.02552097442e-09,50,2
1218,2.69911011476e-08,50,2
1219,1.06003594958e-08,50,2
1220,2.56510718575e-08,50,2
1221,2.56446499919e-09,50,2
1222,1.51256341271e-08,50,2
1223,2.73400225123e-08,50,2
1224,1.61103201869e-08,50,2
1225,2.61027430719e-08,50,2
1226,1.38712297118e-09,50,2
1227,2.65672580175e-08,50,2
1228,1.86020040426e-09,50,2
1229,3.64761966496e-09,50,2
1230,1.28009187773e-08,50,2
1231,1.16877954053e-08,50,2
1232,6.02156931781e-09,50,2
1233,1.90729408538e-08,50,2
1234,1.10434682227e-08,50,2
1235,1.88503161794e-08,50,2
1236,8.38909710504e-09,50,2
1237,1.12767960065e-08,50,2
1238,2.25835607191e-09,50,2
1239,3.14243290385e-09,50,2
1240,1.1430920781e-09,50,2
1241,1.08079998171e-08,50,2
1242,4.72884777105e-08,0,0
1243,3.30404985497e-08,0,0
1244,8.56034685457e-09,0,0
1245,2.43538550049e-08,0,0
1246,4.21338602497e-08,0,0
1247,3.12744855077e-08,0,0
1248,2.58030560102e-08,0,0
1249,4.86777413036e-09,0,0
1250,2.51437444746e-08,0,0
1251,2.13783906068e-08,0,0
1252,8.0872694215e-09,0,0
1253,4.93391934611e-08,0,0
1254,4.41781541347e-08,0,0
1255,2.74556160932e-08,0,0
1256,1.30385278047e-08,0,0
1257,2.64024301336e-08,0,0
1258,5.063212907e-08,0,0
1259,3.80902255389e-08,0,0
1260,1.17520140614e-08,0,0
1261,9.5493141581e-09,0,0
1262,3.87452558309e-10,0,0
1263,1.49394000245e-08,0,0
1264,3.6486899759e-08,0,0
1265,1.94261434622e-08,0,0
1266,2.48312136817e-08,0,0
1267,3.53159795966e-08,0,0
1268,3.23469370641e-08,0,0
1269,9.1682834654e-09,0,0
1270,1.7809973951e-08,0,0
1271,5.17987679887e-08,0,0
1272,2.19606397552e-08,0,0
1273,2.32321691454e-08,0,1
1274,6.96558356208e-09,0,1
1275,1.15807643119e-09,0,1
1276,2.55761500921e-08,0,1
1277,3.42285436871e-09,0,1
1278,1.44149476666e-08,0,1
1279,5.69833541557e-09,0,1
1280,2.71430853003e-08,0,1
1281,2.51501663402e-08,0,1
1282,2.74641785807e-08,0,1
1283,2.08646413582e-08,0,1
1284,3.28778112877e-08,0,1
1285,2.06270323307e-08,0,1
1286,7.90317594075e-09,0,1
1287,1.58834142688e-08,0,1
1288,3.16020006537e-08,0,1
1289,3.10668451864e-08,0,1
1290,2.43538550049e-08,0,1
1291,1.55473366353e-08,0,1
1292,2.22153737576e-08,0,1
1293,2.60470869033e-08,0,1
1294,2.66486016485e-08,0,1
1295,6.35978757312e-09,0,1
1296,9.29029891194e-10,0,1
1297,4.16993140103e-09,0,1
1298,9.26247082764e-09,0,1
1299,1.24348724377e-08,0,1
1300,2.88834108799e-08,0,1
1301,3.0157080892e-08,0,1
1302,1.65384445607e-08,0,2
1303,2.43174644331e-08,0,2
1304,3.61080096881e-08,0,2
1305,3.67116650552e-08,0,2
1306,1.72148810714e-08,0,2
1307,2.96540347528e-08,0,2
1308,2.62333210059e-08,0,2
1309,2.8472411481e-08,0,2
1310,3.38004193132e-08,0,2
1311,2.90867699575e-08,0,2
1312,3.58618381732e-08,0,2
1313,1.19789199795e-08,0,2
1314,3.00200810924e-08,0,2
1315,1.75295524861e-08,0,2
1316,1.15358112526e-08,0,2
1317,3.3248138871e-08,0,2
1318,3.10090483959e-08,0,2
1319,3.30469204153e-08,0,2
1320,3.50120112912e-08,0,2
1321,3.04503460881e-08,0,2
1322,3.13643916262e-08,0,2
1323,1.89530660291e-08,0,2
1324,1.95331745556e-08,0,2
1325,4.43108726906e-09,0,2
1326,3.42927623431e-08,0,2
1327,2.51180570121e-08,0,2
1328,1.6223773146e-08,0,2
1329,6.16499098304e-10,1,0
1330,2.49703541032e-08,1,0
1331,2.37202309316e-08,1,0
1332,7.83681666281e-09,1,0
1333,2.48354949254e-08,1,0
1334,3.08634861088e-08,1,0
1335,2.47562919163e-08,1,0
1336,3.13729541137e-08,1,0
1337,2.04472200937e-08,1,0
1338,1.52198214894e-09,1,0
1339,6.35550632939e-09,1,0
1340,2.09117350393e-08,1,0
1341,1.815247345e-08,1,0
1342,1.34516678255e-08,1,0
1343,5.20171114194e-09,1,0
1344,6.04725678023e-09,1,1
1345,2.06741260119e-08,1,1
1346,1.29892935018e-08,1,1
1347,2.04450794719e-08,1,1
1348,1.54210399451e-08,1,1
1349,3.1809640975e-09,1,1
1350,2.15089685408e-08,1,1
1351,1.01315633065e-08,1,1
1352,2.44715892077e-08,1,1
1353,1.28629968115e-08,1,1
1354,6.09863170509e-09,1,1
1355,1.21951227883e-08,1,1
1356,1.43314634137e-08,1,1
1357,1.33788866819e-08,1,1
1358,1.23556694285e-08,1,1
1359,1.52176808675e-08,1,1
1360,6.70014645031e-10,1,1
1361,2.95470036593e-08,1,1
1362,5.2873360167e-10,1,1
1363,9.0227211783e-09,1,1
1364,1.24241693283e-08,1,1
1365,2.06184698433e-08,1,1
1366,1.5487399223e-08,1,1
1367,1.03006724342e-08,1,1
1368,2.14554529941e-08,1,1
1369,1.26767627089e-08,1,1
1370,6.15214725182e-09,1,1
1371,2.31272786739e-08,1,1
1372,2.21233270172e-08,1,1
1373,2.20719520924e-08,1,1
1374,3.42156999558e-08,1,1
1375,5.15033621708e-09,1,1
1376,1.23000132599e-08,1,1
1377,3.01057059672e-08,1,1
1378,7.84109790655e-09,1,1
1379,6.71941204714e-09,1,1
1380,1.41002762518e-08,1,1
1381,1.35715426502e-08,1,1
1382,2.32000598174e-08,1,1
1383,1.35051833722e-08,1,1
1384,3.11481888174e-08,1,1
1385,2.89454889141e-08,1,1
1386,1.42308541858e-08,1,1
1387,2.07383446679e-08,1,1
1388,2.40391835901e-08,1,1
1389,4.40325918476e-09,1,1
1390,1.53140088516e-08,1,1
1391,1.8398644965e-08,1,1
1392,1.25290597999e-08,1,1
1393,2.05307043466e-08,1,1
1394,2.1031609864e-08,1,1
1395,1.53675243983e-08,1,1
1396,1.34302616068e-08,1,1
1397,2.4809807463e-09,1,1
1398,1.25997003216e-08,1,1
1399,2.83140054627e-08,1,2
1400,9.26461144951e-09,1,2
1401,1.2053841745e-08,1,2
1402,2.10894066545e-08,1,2
1403,1.90750814756e-08,1,2
1404,1.40167919989e-08,1,2
1405,2.71002728629e-09,1,2
1406,1.3819854787e-08,1,2
1407,2.52400724587e-08,1,2
1408,1.93576435624e-08,1,2
1409,1.89123942136e-08,1,2
1410,6.96130231834e-09,1,2
1411,2.12585157821e-08,1,2
1412,1.44920100539e-08,1,2
1413,7.13897393348e-09,1,2
1414,6.82858376246e-09,1,2
1415,1.99570176857e-08,1,2
1416,1.98414241048e-08,1,2
1417,2.48740261191e-08,1,2
1418,1.09599839698e-08,1,2
1419,1.03884379308e-08,1,2
1420,1.1987482467e-09,1,2
1421,5.82035086211e-09,2,2
1422,2.72201476876e-08,3,0
1423,3.8711005881e-08,3,0
1424,2.19349522928e-08,3,0
1425,3.16148443849e-08,3,0
1426,3.07543143935e-08,3,0
1427,1.96851587083e-08,3,0
1428,2.93115352537e-08,3,0
1429,2.11472034449e-08,3,0
1430,3.97513481094e-08,3,0
1431,3.30640453903e-08,3,1
1432,9.30956450876e-09,3,1
1433,3.07264863092e-08,3,1
1434,1.31434182763e-08,3,1
1435,5.96377252734e-09,3,1
1436,3.64119779936e-09,3,1
1437,2.70446166943e-08,3,1
1438,7.37658296095e-09,3,1
1439,1.16728110523e-08,3,1
1440,3.03326118853e-09,3,1
1441,2.41248084649e-08,3,1
1442,2.24337171883e-08,3,1
1443,2.84574271279e-08,3,1
1444,2.96882847027e-08,3,1
1445,5.30017974792e-09,3,2
1446,1.81460515844e-08,3,2
1447,7.07047403367e-09,3,2
1448,5.68121044062e-09,3,2
1449,1.13238896876e-08,3,2
1450,1.48709001247e-08,3,2
1451,2.69739761727e-08,3,2
1452,8.74444033531e-09,3,2
1453,6.2506158578e-09,3,2
1454,2.46085890073e-08,3,2
1455,1.00074072381e-08,3,2
1456,3.54272919338e-09,3,2
1457,1.44192289103e-08,3,2
1458,5.54549501412e-08,4,0
1459,6.18703938829e-08,4,0
1460,4.18298919443e-08,4,0
1461,5.76876187506e-08,4,0
1462,6.37691254808e-09,5,1
1463,2.224106122e-09,5,1
1464,1.65962413512e-08,5,1
1465,3.95800983598e-09,5,2
1466,9.22608025586e-10,5,2
1467,1.4620447366e-08,6,0
1468,7.4151141546e-09,6,0
1469,3.9708535672e-09,6,1
1470,7.4493641045e-09,6,2
1471,3.25374524105e-10,6,2
1472,1.26467940027e-08,6,2
1473,2.31722317331e-08,6,2
1474,3.02277214137e-08,6,2
1475,4.0738174791e-08,7,0
1476,4.92343029895e-10,7,0
1477,1.9543877665e-09,7,0
1478,7.26527062376e-09,7,1
1479,3.48728708697e-08,7,1
1480,7.00197413386e-09,7,1
1481,5.11608626717e-10,7,1
1482,3.84241625505e-09,7,1
1483,2.63724614274e-09,7,2
1484,3.99011916402e-09,7,2
1485,1.79748018349e-08,7,2
1486,1.84457386461e-08,7,2
1487,2.0492173153e-08,7,2
1488,9.33311134932e-10,8,0
1489,8.2050036243e-09,8,1
1490,4.58949328737e-09,8,1
1491,1.19147013235e-08,8,1
1492,1.51192122615e-08,8,2
1493,1.83044576028e-08,8,2
1494,9.07837734689e-09,8,2
1495,5.50353882548e-08,9,0
1496,5.30895629758e-08,9,0
1497,6.10719419257e-09,9,0
1498,1.07994373297e-08,9,0
1499,1.76686929076e-08,9,0
1500,2.54327284269e-08,9,1
1501,2.92515978414e-08,9,1
1502,1.48430720404e-08,9,1
1503,1.7548818083e-08,9,1
1504,4.07424560348e-08,9,2
1505,2.81877087724e-08,9,2
1506,4.44157631622e-08,9,2
1507,3.9789879303e-08,9,2
1508,3.71611956477e-08,9,2
1509,1.18119514737e-08,9,2
1510,4.17913607506e-08,9,2
1511,3.51061986534e-09,10,1
1512,7.45792659198e-09,10,2
1513,3.43569809992e-09,11,0
1514,1.07266561861e-08,11,0
1515,1.22186696289e-08,11,0
1516,1.40146513771e-08,11,0
1517,2.02930953192e-09,11,0
1518,6.25703772341e-09,11,0
1519,2.20698114705e-08,11,1
1520,3.57483852141e-10,11,1
1521,1.74160995271e-08,11,1
1522,6.43470933854e-09,11,1
1523,9.56215788931e-09,11,1
1524,1.42586822701e-08,11,1
1525,4.87419599596e-09,11,1
1526,1.82809107622e-09,11,2
1527,1.48880250997e-08,11,2
1528,3.99589884307e-08,11,2
1529,1.1251108544e-08,11,2
1530,3.66902588365e-09,11,2
1531,1.77050834794e-08,12,0
1532,2.0115423704e-08,12,0
1533,2.8373942875e-08,12,0
1534,2.19456554021e-08,12,0
1535,4.04877220323e-08,12,0
1536,3.98177073873e-08,12,0
1537,2.90161294358e-08,12,0
1538,1.8595582177e-08,12,0
1539,4.19283605502e-08,12,0
1540,4.6021229564e-08,12,0
1541,1.56928989224e-08,12,0
1542,1.29229342238e-08,12,1
1543,8.2114254899e-09,12,1
1544,2.44651673421e-08,12,1
1545,1.99591583076e-08,12,1
1546,1.93062686375e-08,12,1
1547,1.50228842774e-08,12,1
1548,9.0569711282e-09,12,1
1549,1.84714261085e-08,12,1
1550,1.79491143725e-08,12,1
1551,1.69858345314e-08,12,1
1552,2.82091149911e-08,12,1
1553,2.49489478845e-08,12,1
1554,1.06367500676e-08,12,2
1555,7.48575467628e-09,12,2
1556,2.04343763625e-08,12,2
1557,4.38827483167e-09,12,2
1558,7.73684962152e-08,13,1
1559,7.06747716305e-08,13,1
1560,6.91313832629e-08,13,1
1561,6.85726809551e-08,13,1
1562,7.64437475678e-08,13,1
1563,3.20301250275e-08,13,2
1564,9.19183030596e-09,14,0
1565,3.38624973474e-08,14,1
1566,1.47253378376e-08,14,1
1567,3.53181202184e-08,14,1
1568,1.79619581037e-08,14,1
1569,1.05254377304e-08,14,1
1570,3.93553330636e-08,14,1
1571,3.32567013585e-08,14,1
1572,1.41559324204e-08,14,2
1573,4.34974363803e-09,14,2
1574,1.12147179723e-08,15,0
1575,2.81085057633e-08,15,0
1576,1.32333243948e-08,15,0
1577,1.01508289033e-08,15,1
1578,1.11034056351e-08,15,2
1579,6.54816229761e-09,15,2
1580,1.68895065473e-09,15,2
1581,1.60910545901e-08,15,2
1582,7.37230171721e-09,15,2
1583,3.24325619389e-08,16,2
1584,3.32545607366e-08,16,2
1585,7.37872358282e-09,16,2
1586,2.86779111805e-08,16,2
1587,2.01389705446e-08,17,0
1588,1.35993707345e-08,17,0
1589,6.7429588877e-09,17,0
1590,1.69194752534e-08,17,1
1591,1.27944969117e-08,17,1
1592,2.49318229095e-08,17,1
1593,7.45578597011e-09,17,2
1594,8.95422127849e-09,17,2
1595,9.73982950445e-09,17,2
1596,3.84113188193e-08,18,0
1597,3.58639787951e-08,18,0
1598,3.70734301511e-08,18,0
1599,3.51554329564e-08,18,0
1600,3.0762876881e-08,18,0
1601,2.92366134883e-08,18,0
1602,4.24528129082e-08,18,0
1603,2.71987414689e-08,18,0
1604,2.72436945282e-08,18,1
1605,3.23726245265e-08,18,1
1606,2.09631099642e-08,18,1
1607,1.56736333256e-08,18,1
1608,2.66807109766e-08,18,1
1609,3.52988546216e-08,18,2
1610,2.93008321444e-08,18,2
1611,1.17498734395e-08,18,2
1612,3.33701543175e-08,18,2
1613,2.8701458021e-08,18,2
1614,3.25438742761e-08,18,2
1615,1.65705538888e-08,18,2
1616,1.02814068373e-08,18,2
1617,3.09705172023e-08,18,2
1618,2.45850421667e-08,18,2
1619,2.09224381487e-08,18,2
1620,1.5536633526e-08,18,2
1621,1.28458718365e-08,18,2
1622,3.8743115209e-08,18,2
1623,2.26734668376e-08,18,2
1624,2.99922530081e-08,18,2
1625,3.40530126938e-08,18,2
1626,1.95010652276e-08,18,2
1627,2.03722983283e-08,19,0
1628,5.96377252734e-09,19,0
1629,2.48461980348e-08,19,1
1630,1.10605931977e-08,19,1
1631,1.84114886962e-08,19,1
1632,5.16317994829e-09,19,1
1633,3.14585789884e-08,19,1
1634,4.14809705796e-08,19,1
1635,7.42581726394e-09,19,2
1636,2.724583515e-08,19,2
1637,2.10744223014e-08,19,2
1638,3.76321324589e-09,19,2
1639,1.16000299087e-08,20,0
1640,8.87501826933e-09,20,0
1641,1.31519807638e-08,20,0
1642,1.88653005325e-08,20,0
1643,6.1607097393e-09,20,0
1644,5.46436544528e-08,20,1
1645,5.68763230622e-09,20,1
1646,4.69502594552e-08,20,1
1647,6.34694384191e-08,20,1
1648,4.03036285516e-08,20,1
1649,9.91750111958e-09,20,1
1650,5.81692586712e-08,20,1
1651,2.06998134743e-09,20,1
1652,2.14104999348e-08,20,1
1653,8.01876952168e-09,20,1
1654,3.09876421772e-08,20,1
1655,3.67758837113e-08,20,1
1656,4.26155001702e-08,20,1
1657,3.08891735713e-09,20,1
1658,4.49380748982e-08,20,1
1659,6.87931650076e-08,20,1
1660,4.14210331673e-09,20,1
1661,6.43278277886e-08,20,1
1662,4.42273884377e-08,20,1
1663,4.97673178349e-08,20,1
1664,2.60706337439e-08,20,1
1665,1.73625839803e-08,20,1
1666,1.16899360272e-08,20,1
1667,6.71855579839e-08,20,1
1668,1.55558991228e-08,20,1
1669,5.90811635874e-10,20,1
1670,2.90589418732e-08,20,1
1671,1.85185197897e-08,20,2
1672,2.80464277291e-08,20,2
1673,1.94047372435e-08,20,2
1674,7.43652037329e-09,20,2
1675,1.10370463571e-08,20,2
1676,2.62632897121e-08,20,2
1677,2.36924028473e-08,20,2
1678,3.68615085861e-09,20,2
1679,5.15889870455e-09,20,2
1680,2.12028596135e-08,21,0
1681,3.87174277466e-08,21,0
1682,4.31849055874e-08,21,0
1683,2.22346393544e-08,21,0
1684,3.45132463957e-08,21,0
1685,1.82573639216e-08,21,0
1686,1.43250415481e-08,21,0
1687,3.55964010614e-08,21,0
1688,4.54668084999e-09,21,0
1689,2.89626138891e-08,21,0
1690,3.20665155993e-08,21,0
1691,1.25183566906e-08,21,0
1692,2.48440574129e-08,21,0
1693,7.19034885834e-09,21,0
1694,1.44277913978e-08,21,1
1695,2.93372227161e-08,21,1
1696,1.81781609125e-08,21,1
1697,1.85163791678e-09,21,1
1698,3.19081095809e-08,21,1
1699,7.74262930057e-09,21,1
1700,3.18952658497e-10,21,1
1701,5.90811635874e-09,21,1
1702,3.34300917299e-08,21,1
1703,1.93019873938e-08,21,1
1704,3.55578698678e-08,21,1
1705,2.67856014482e-08,21,1
1706,2.21661394546e-08,21,1
1707,2.58822590194e-08,21,2
1708,4.10592680714e-08,21,2
1709,3.6698821324e-08,21,2
1710,6.10933481444e-09,21,2
1711,3.33080762833e-08,21,2
1712,2.37223715535e-08,21,2
1713,5.38366400081e-09,21,2
1714,2.1800093115e-08,21,2
1715,2.51951193994e-09,21,2
1716,3.04375023569e-08,21,2
1717,1.16257173711e-08,21,2
1718,3.8531193644e-08,22,1
1719,3.39887940377e-08,22,1
1720,3.08870329494e-08,22,1
1721,4.4957340495e-08,22,1
1722,5.31666253631e-08,22,1
1723,3.92846925419e-08,22,1
1724,2.35789498882e-08,22,1
1725,5.47913573617e-08,22,1
1726,2.33135127765e-08,22,1
1727,9.55359540184e-09,22,1
1728,4.67704472182e-08,22,1
1729,3.98904885309e-08,22,1
1730,4.60726044888e-08,22,1
1731,5.12100969747e-08,22,1
1732,2.16159996343e-08,22,1
1733,3.8809474487e-08,22,1
1734,2.28982321339e-08,22,1
1735,5.00092081061e-08,22,1
1736,3.56756040706e-08,22,1
1737,4.2013985425e-08,22,1
1738,3.61636658567e-08,22,1
1739,4.72199778107e-08,22,1
1740,1.17434515739e-08,22,1
1741,2.25386076599e-08,22,1
1742,4.10442837183e-08,22,1
1743,2.62675709558e-08,22,1
1744,2.72800850999e-08,22,2
1745,1.8595582177e-08,22,2
1746,2.51137757684e-08,22,2
1747,9.90465738837e-09,22,2
1748,9.53432980501e-09,22,2
1749,2.25964044503e-08,22,2
1750,1.32504493698e-08,22,2
1751,1.15914674212e-08,22,2
1752,2.09930786704e-08,22,2
1753,3.41985749809e-08,22,2
1754,4.1784938885e-09,22,2
1755,3.10111890178e-08,22,2
1756,8.89214324428e-09,22,2
1757,2.48333543035e-08,22,2
1758,2.64623675459e-08,22,2
1759,1.50335873868e-08,22,2
1760,2.20355615206e-08,22,2
1761,2.13355781694e-08,22,2
1762,7.32092679235e-09,22,2
1763,2.72929288311e-09,22,2
1764,3.15270788882e-08,22,2
1765,4.16607828166e-08,22,2
1766,3.25438742761e-08,22,2
1767,2.40755741619e-08,22,2
1768,1.21758571915e-08,22,2
1769,3.33209200146e-08,22,2
1770,5.12892999839e-09,22,2
1771,1.56436646195e-08,22,2
1772,6.19710031107e-09,22,2
1773,2.55333376547e-08,22,2
1774,1.91414407536e-08,22,2
1775,3.83599438944e-09,22,2
1776,3.37319194134e-08,22,2
1777,3.18524534124e-09,22,2
1778,3.58960881231e-08,22,2
1779,5.87172578697e-09,22,2
1780,1.61702575993e-08,22,2
1781,2.4383823711e-08,23,0
1782,2.13527031444e-08,23,0
1783,1.82209733499e-08,23,0
1784,4.15644548325e-08,23,1
1785,2.03508921096e-08,23,1
1786,6.22749714161e-08,23,1
1787,1.30278246954e-08,23,1
1788,4.4565606693e-08,23,1
1789,2.30823256146e-08,23,1
1790,5.15204871457e-08,23,1
1791,6.41116249798e-09,23,1
1792,1.51234935053e-08,23,1
1793,5.43247017943e-08,23,1
1794,4.38399358794e-09,23,1
1795,5.76148376071e-08,23,1
1796,1.13217490657e-08,23,2
1797,1.86705039424e-08,23,2
1798,2.1489702944e-08,23,2
1799,2.60963212063e-08,23,2
1800,1.35694020283e-08,23,2
1801,2.48440574129e-08,23,2
1802,9.71628266389e-09,23,2
1803,1.54959617105e-08,24,0
1804,8.72517473849e-09,24,0
1805,9.62637654539e-09,24,1
1806,1.75894898985e-08,24,1
1807,1.86876289173e-09,24,2
1808,6.21422528603e-09,25,1
1809,1.56886176787e-08,25,2
1810,2.6526586202e-08,26,0
1811,2.71430853003e-08,26,0
1812,3.03497368602e-08,26,0
1813,2.41654802804e-08,26,0
1814,2.78944435764e-08,26,0
1815,2.47049169914e-08,26,0
1816,1.84650042429e-08,26,0
1817,1.20666854762e-08,26,0
1818,3.44854183114e-09,26,0
1819,2.92045041603e-08,26,0
1820,5.61485116267e-09,26,0
1821,4.64514945597e-09,26,0
1822,2.56425093701e-08,26,0
1823,3.16919067722e-08,26,0
1824,1.23984818659e-08,26,0
1825,3.13494072731e-08,26,1
1826,2.40113555058e-08,26,1
1827,2.98124407711e-08,26,1
1828,2.74277880089e-08,26,1
1829,3.33937011581e-08,26,1
1830,1.31605432513e-08,26,1
1831,2.33284971296e-08,26,1
1832,2.1112953495e-08,26,1
1833,5.68121044062e-09,26,1
1834,2.15838903062e-08,26,1
1835,2.88106297363e-08,26,1
1836,2.81663025537e-08,26,1
1837,2.67813202044e-08,26,1
1838,1.24370130595e-09,26,1
1839,1.5519508551e-08,26,1
1840,2.55376188985e-08,26,1
1841,5.18672678885e-09,26,2
1842,1.66497568979e-08,26,2
1843,1.42137292109e-09,26,2
1844,2.06912509868e-08,26,2
1845,2.39963711527e-08,26,2
1846,2.76782407676e-08,26,2
1847,1.01765163657e-08,26,2
1848,1.50271655211e-08,26,2
1849,2.61926491904e-08,27,2
1850,4.36686861298e-10,28,0
1851,1.1366702125e-09,28,0
1852,1.14394832685e-08,28,0
1853,2.53021504929e-09,28,0
1854,1.61467107587e-08,28,0
1855,5.32072971786e-08,28,1
1856,1.92227843846e-09,28,1
1857,3.30041079779e-08,28,1
1858,8.32487844897e-09,28,1
1859,1.81417703407e-08,28,1
1860,1.08315466577e-08,28,2
1861,3.39481222222e-08,28,2
1862,9.4658299052e-09,28,2
1863,3.03604399696e-08,28,2
1864,1.40403388395e-08,28,2
1865,2.38186995376e-08,28,2
1866,9.95175106949e-09,29,0
1867,1.6517038342e-08,29,0
1868,1.30856214859e-08,29,1
1869,3.37982786914e-08,29,1
1870,1.86041446644e-08,29,1
1871,1.54659930043e-08,29,1
1872,4.08130965564e-08,29,2
1873,2.23502329354e-08,29,2
1874,1.68723815723e-08,29,2
1875,3.23940307452e-08,29,2
1876,5.04116450175e-09,29,2
1877,2.14704373472e-08,29,2
1878,4.29194684756e-08,29,2
1879,2.67449296327e-08,29,2
1880,1.61017576994e-08,29,2
1881,1.06174844708e-08,29,2
1882,3.31646546181e-08,29,2
1883,4.53383711877e-09,29,2
1884,1.1317467822e-08,29,2
1885,5.87600703071e-09,29,2
1886,1.11312337194e-08,30,0
1887,2.95234568188e-08,30,0
1888,2.53428223084e-08,30,0
1889,1.84521605117e-08,30,0
1890,8.9049869755e-10,30,0
1891,1.55494772572e-08,30,0
1892,2.51651506933e-08,30,0
1893,2.3516871854e-08,30,0
1894,6.12645978939e-09,30,0
1895,6.35336570752e-09,30,1
1896,8.92425257232e-09,30,1
1897,2.57837904134e-08,30,1
1898,1.43057759513e-08,30,1
1899,2.02331579068e-08,30,1
1900,1.27217157681e-08,30,1
1901,2.89775982421e-08,30,1
1902,2.00726112666e-08,30,2
1903,6.63592779424e-09,30,2
1904,5.97233501482e-10,30,2
1905,2.31829348425e-08,30,2
1906,8.26280041476e-09,30,2
1907,1.27623875836e-08,30,2
1908,4.73077433073e-09,30,2
1909,1.45369631131e-08,30,2
1910,2.3632465435e-08,31,0
1911,2.72501163938e-09,31,0
1912,1.16877954053e-09,31,0
1913,8.78083090709e-09,31,0
1914,3.22206403738e-08,31,1
1915,7.20747383329e-09,31,1
1916,2.25835607191e-09,31,1
1917,9.46154866146e-10,31,1
1918,1.49522437557e-08,31,1
1919,5.32586721034e-09,31,2
1920,1.53482588015e-08,31,2
1921,1.40638856801e-09,31,2
1922,3.04396429787e-09,31,2
1923,1.40745887894e-08,32,0
1924,1.82809107622e-08,32,0
1925,7.75119178805e-09,32,0
1926,1.33810273038e-08,32,0
1927,2.21747019421e-08,32,0
1928,3.25674211166e-08,32,1
1929,3.74116484064e-08,32,1
1930,4.18812668691e-08,32,1
1931,4.22259069901e-08,32,1
1932,4.10635493151e-08,32,1
1933,4.61774949604e-08,32,1
1934,3.69920865201e-08,32,1
1935,3.66367432898e-08,32,1
1936,3.13665322481e-08,32,1
1937,3.87666620496e-08,32,1
1938,4.58178704864e-08,32,1
1939,3.29762798936e-08,32,1
1940,1.79833643224e-08,32,1
1941,1.86854882955e-08,32,1
1942,2.01453924102e-08,32,1
1943,1.75338337299e-08,32,1
1944,3.47679803981e-08,32,1
1945,1.62473199865e-08,32,1
1946,4.13867832174e-08,32,1
1947,4.30821557377e-08,32,1
1948,2.73250381592e-08,32,2
1949,6.70014645031e-09,32,2
1950,2.09909380485e-08,32,2
1951,3.19808907245e-09,32,2
1952,4.4139622941e-09,32,2
1953,1.58513049408e-08,32,2
1954,9.98386039753e-09,32,2
1955,7.54141084487e-09,32,2
1956,2.59721651379e-08,32,2
1957,9.38020503044e-09,32,2
1958,5.73258536548e-09,32,2
1959,2.41440740617e-08,32,2
1960,9.02486180017e-09,32,2
1961,3.39459816003e-08,32,2
1962,7.1239895804e-09,32,2
1963,1.0711671833e-08,32,2
1964,1.19596543827e-08,32,2
1965,6.46039680097e-09,32,2
1966,4.86349288662e-09,32,2
1967,2.14789998346e-08,32,2
1968,2.63510552087e-09,32,2
1969,3.67116650552e-09,32,2
1970,6.18425657986e-09,32,2
1971,3.62236032691e-08,32,2
1972,1.29165123582e-08,32,2
1973,1.40703075457e-08,33,0
1974,1.43635727417e-09,33,0
1975,8.19215989308e-09,33,0
1976,1.01593913908e-08,33,0
1977,2.76161627334e-08,33,0
1978,1.00395165661e-09,33,1
1979,1.49629468651e-08,33,1
1980,1.28694186771e-08,33,1
1981,2.82690524035e-08,33,1
1982,4.95125838325e-09,33,2
1983,2.55804313359e-09,33,2
1984,1.77885677323e-09,33,2
1985,1.14073739405e-08,33,2
1986,5.28284071078e-08,34,0
1987,4.92942404019e-08,34,0
1988,5.60050899615e-08,34,0
1989,2.3861511975e-08,34,0
1990,2.14468905066e-08,34,0
1991,3.83428189195e-08,34,0
1992,8.5025500641e-09,34,1
1993,5.5228044223e-10,34,1
1994,1.69002096566e-08,34,1
1995,2.03787201939e-09,34,2
1996,2.86800518023e-08,34,2
1997,1.2216529007e-08,35,0
1998,6.91420863722e-10,35,0
1999,2.35382780727e-08,35,0
2000,2.98402688554e-09,35,0
2001,1.27045907932e-08,35,0
2002,1.65684132669e-09,35,0
2003,7.4493641045e-09,35,0
2004,2.01090018384e-08,35,0
2005,1.39268858804e-08,35,0
2006,1.94668152777e-08,35,0
2007,2.07897195928e-08,35,0
2008,5.84389770267e-09,35,0
2009,1.33639023289e-08,35,0
2010,1.78292395478e-08,35,0
2011,1.49329781589e-08,35,0
2012,4.85278977727e-09,35,0
2013,2.17230307277e-08,35,0
2014,1.33574804632e-09,35,1
2015,4.13140020738e-10,35,1
2016,2.04001264126e-08,35,1
2017,1.12789366283e-08,35,1
2018,7.77259800674e-09,35,1
2019,1.57956487722e-08,35,1
2020,3.12958917264e-09,35,1
2021,5.86530392136e-09,35,1
2022,6.64663090359e-09,35,1
2023,8.7037685198e-09,35,1
2024,1.80004892973e-08,35,1
2025,2.18129368462e-09,35,1
2026,1.658339762e-08,35,1
2027,2.15346560032e-08,35,2
2028,1.45284006256e-08,35,2
2029,1.68873659254e-08,35,2
2030,5.65124173445e-10,35,2
2031,1.39397296116e-08,35,2
2032,2.33113721546e-09,35,2
2033,1.33253711352e-08,35,2
2034,1.75745055454e-08,35,2
2035,1.95588620181e-08,35,2
2036,1.05789532771e-08,35,2
2037,8.13222248075e-09,35,2
2038,9.20467403717e-09,35,2
2039,1.21523103509e-08,35,2
2040,4.4139622941e-09,35,2
2041,1.60139922028e-08,35,2
2042,7.57780141665e-09,35,2
2043,1.53375556922e-08,35,2
2044,2.91980822947e-09,35,2
2045,1.20195917951e-08,36,0
2046,1.65619914013e-08,36,0
2047,1.27516844743e-08,36,0
2048,5.03688325801e-09,36,0
2049,4.6151807498e-09,36,1
2050,3.40316064751e-08,36,1
2051,1.1169764913e-08,36,1
2052,1.28522937021e-08,36,1
2053,2.10722816795e-08,36,1
2054,3.26316397727e-08,36,1
2055,2.135912501e-08,36,1
2056,2.75776315397e-08,36,1
2057,3.02748150948e-08,36,1
2058,3.17004692596e-08,36,1
2059,2.69889605257e-08,36,1
2060,1.17991077425e-08,36,1
2061,2.97203940307e-08,36,1
2062,3.49285270383e-08,36,1
2063,2.9617644181e-08,36,1
2064,2.17765462745e-08,36,1
2065,3.06194552157e-08,36,1
2066,1.69537252033e-08,36,1
2067,2.03573139752e-08,36,1
2068,5.37510151333e-09,36,1
2069,2.88063484926e-08,36,1
2070,3.25160461918e-09,36,2
2071,2.51437444746e-08,36,2
2072,2.82198181005e-08,36,2
2073,1.19510918952e-08,36,2
2074,6.8949430404e-09,36,2
2075,2.66807109766e-08,36,2
2076,2.84659896154e-08,36,2
2077,1.4277947867e-08,36,2
2078,1.06881249925e-08,36,2
2079,8.73801846971e-09,36,2
2080,2.63617583181e-08,36,2
2081,3.05231272316e-08,37,0
2082,1.63115386426e-09,37,1
2083,1.98178772642e-08,37,1
2084,1.91200345349e-08,37,1
2085,8.01448827795e-09,37,1
2086,1.60461015308e-08,37,1
2087,3.48321990542e-08,37,1
2088,2.54412909144e-08,37,1
2089,1.94539715465e-08,37,1
2090,1.2216529007e-08,37,1
2091,2.30330913116e-08,37,1
2092,1.15978892868e-08,37,1
2093,3.51768391751e-08,37,1
2094,1.01486882814e-08,37,1
2095,2.72693819906e-08,37,1
2096,4.61946199354e-09,37,1
2097,4.28124373822e-10,37,2
2098,1.71099905998e-08,37,2
2099,4.84850853353e-09,37,2
2100,1.60204140684e-08,37,2
2101,7.54569208861e-09,37,2
2102,8.71233100728e-10,37,2
2103,1.68081629162e-08,37,2
2104,9.18540844035e-09,37,2
2105,2.29110758651e-08,38,0
2106,1.24648411438e-08,38,0
2107,2.46171514948e-09,38,0
2108,1.34366834724e-08,38,1
2109,2.50324321374e-08,38,1
2110,3.21285936335e-08,39,0
2111,2.92173478915e-08,39,0
2112,3.30319360622e-08,39,0
2113,1.91756907035e-08,39,1
2114,3.48257771885e-08,39,1
2115,5.66622608753e-09,39,1
2116,7.9138790501e-09,39,1
2117,2.47391669413e-08,39,1
2118,4.3240561756e-09,39,1
2119,3.51704173095e-08,39,1
2120,4.12711896364e-09,39,2
2121,2.4728463832e-08,39,2
2122,3.62942437908e-08,39,2
2123,3.02748150948e-08,39,2
2124,5.84389770267e-10,39,2
2125,1.75616618142e-08,39,2
2126,3.56991509111e-08,39,2
2127,4.51756839257e-08,39,2
2128,3.39994971471e-08,39,2
2129,4.07360341692e-08,40,0
2130,1.49565249995e-08,40,0
2131,2.82240993442e-08,40,0
2132,1.99249083577e-08,40,0
2133,2.29474664369e-08,40,1
2134,2.46599639321e-09,40,1
2135,4.14852518233e-09,40,2
2136,2.57345561104e-08,40,2
2137,2.76397095739e-08,40,2
2138,2.70895697536e-08,41,0
2139,5.50268257673e-08,41,0
2140,5.30810004883e-08,41,0
2141,2.0410829522e-08,41,0
2142,1.97900491799e-08,41,1
2143,2.04985950186e-08,41,1
2144,2.08732038457e-08,41,1
2145,2.01775017382e-08,41,1
2146,1.87518475734e-08,41,1
2147,2.21532957234e-08,41,1
2148,2.4024199237e-08,41,2
2149,1.38990577961e-08,41,2
2150,4.7117227961e-08,42,0
2151,1.63179605082e-08,42,0
2152,1.79512549944e-08,42,0
2153,2.68712263229e-08,42,1
2154,3.70884145042e-08,42,1
2155,4.11384710805e-08,42,2
2156,4.79713360867e-09,43,0
2157,5.69191354996e-09,43,0
2158,1.07651873798e-08,43,0
2159,1.01593913908e-08,43,1
2160,1.635435108e-09,43,1
2161,4.92128967708e-09,43,1
2162,6.44113120415e-09,43,1
2163,1.5617977157e-08,43,1
2164,1.15015613027e-08,43,2
2165,2.94185663472e-08,43,2
2166,4.33989677743e-08,43,2
2167,2.48504792785e-08,43,2
2168,3.31860608368e-08,43,2
2169,3.97684730843e-08,43,2
2170,1.31840900918e-08,44,1
2171,1.57185863849e-08,44,1
2172,1.33403554883e-08,44,1
2173,1.02321725343e-08,44,1
2174,1.1317467822e-08,44,1
2175,1.46718222909e-08,44,1
2176,1.20902323167e-08,44,1
2177,1.18654670205e-08,44,1
2178,1.68681003286e-08,44,1
2179,1.23364038317e-08,44,1
2180,1.27966375335e-08,44,1
2181,1.63671948112e-08,44,1
2182,1.3704261206e-08,44,1
2183,7.60348887908e-09,44,2
2184,7.40869228899e-09,44,2
2185,3.51276048721e-09,44,2
2186,5.79894464342e-09,44,2
2187,5.315164101e-09,44,2
2188,6.96344294021e-09,44,2
2189,1.33553398414e-08,44,2
2190,6.23991274845e-09,44,2
2191,1.48601970154e-08,44,2
2192,1.43742758511e-08,44,2
2193,1.35437145659e-08,44,2
2194,1.2576153481e-08,44,2
2195,4.13354082925e-09,44,2
2196,1.29571841737e-08,44,2
2197,8.15576932131e-09,44,2
2198,5.61056991894e-09,44,2
2199,1.31691057388e-08,44,2
2200,1.37663392402e-08,44,2
2201,3.80816630515e-09,44,2
2202,7.82611355346e-09,44,2
2203,3.0107846589e-08,45,0
2204,3.48536052728e-08,45,0
2205,2.50538383561e-08,45,0
2206,1.61210232963e-08,45,1
2207,1.25868565904e-08,45,1
2208,1.12575304096e-08,45,1
2209,1.83579731495e-08,45,1
2210,2.25236233068e-08,45,2
2211,7.66556691328e-09,45,2
2212,8.43190954242e-09,45,2
2213,2.6543711177e-08,45,2
2214,6.20352217668e-09,45,2
2215,2.19820459739e-08,45,2
2216,5.03260201428e-09,46,0
2217,1.29486216862e-08,46,1
2218,1.41559324204e-08,46,2
2219,4.34974363803e-09,46,2
2220,2.51180570121e-08,47,0
2221,1.84885510835e-08,47,0
2222,9.62209530165e-09,47,1
2223,3.26252179071e-08,47,1
2224,1.20838104511e-08,47,1
2225,2.77424594237e-08,47,1
2226,6.12431916752e-09,47,1
2227,3.32930919303e-08,47,1
2228,1.452197876e-08,47,1
2229,2.90418168982e-08,47,1
2230,1.68959284129e-08,47,2
2231,2.98124407711e-08,47,2
2232,1.87004726485e-08,47,2
2233,2.55825719577e-08,47,2
2234,5.70689790305e-09,47,2
2235,1.18718888861e-08,47,2
2236,8.89642448802e-09,47,2
2237,2.28190291247e-09,47,2
2238,8.24353481794e-09,47,2
2239,3.71826018664e-09,47,2
2240,1.77222084544e-08,47,2
2241,4.61946199354e-09,47,2
2242,2.76439908177e-08,47,2
2243,1.12639522753e-08,47,2
2244,1.04676409399e-09,47,2
2245,2.13762499849e-08,47,2
2246,1.249480985e-08,48,0
2247,4.82068044923e-09,48,0
2248,7.37872358282e-09,48,0
2249,2.53663691489e-09,48,0
2250,1.8317301334e-08,48,0
2251,3.58126038702e-09,48,0
2252,1.95181902025e-08,48,1
2253,1.02621412405e-08,48,1
2254,7.02123973068e-09,48,1
2255,7.5328483574e-09,48,1
2256,1.33810273038e-08,48,1
2257,8.35484715513e-09,48,1
2258,8.89214324428e-09,48,1
2259,7.8860509658e-09,48,2
2260,1.0989952676e-08,48,2
2261,3.22591715675e-08,48,2
2262,1.27538250962e-08,48,2
2263,5.6341167595e-09,48,2
2264,2.00747518885e-08,48,2
2265,3.24111557202e-08,48,2
2266,2.63360708557e-08,48,2
2267,3.7418070272e-09,48,2
2268,2.43089019456e-08,48,2
2269,2.26327950221e-08,48,2
2270,1.87689725484e-08,48,2
2271,1.51127903959e-08,48,2
2272,1.18547639111e-08,48,2
2273,2.50153071624e-08,49,0
2274,3.81993972543e-08,49,0
2275,8.71875287288e-09,49,1
2276,2.44887141826e-08,49,1
2277,1.96316431616e-08,49,1
2278,3.13601103825e-09,49,2
2279,2.02502828818e-08,49,2
2280,1.62837105583e-08,50,0
2281,6.54816229761e-09,50,0
2282,9.52362669567e-09,50,0
2283,1.34002929006e-08,50,0
2284,5.45858576623e-09,50,0
2285,1.58491643189e-08,50,0
2286,2.47348856976e-08,50,0
2287,2.16481089623e-08,50,0
2288,2.26049669378e-08,50,0
2289,2.27740760655e-08,50,0
2290,3.75893200216e-09,50,0
2291,8.84076831942e-09,50,0
2292,8.00592579047e-09,50,0
2293,8.51325317345e-09,50,0
2294,1.12917803596e-08,50,0
2295,2.32664190954e-08,50,0
2296,6.99127102451e-09,50,0
2297,9.95603231323e-09,50,0
2298,1.82316764592e-08,50,0
2299,1.74268026364e-08,50,0
2300,4.268400007e-09,50,0
2301,5.99588185538e-09,50,0
2302,2.07661727522e-08,50,0
2303,1.409813563e-08,50,0
2304,2.92194885133e-09,50,0
2305,2.33113721546e-09,50,0
2306,1.24177474627e-08,50,0
2307,2.338629392e-08,50,0
2308,1.77243490762e-08,50,0
2309,1.93233936125e-08,50,0
2310,1.0630328202e-08,50,0
2311,1.49650874869e-08,50,0
2312,2.20034521926e-08,50,0
2313,2.36260435694e-08,50,0
2314,1.69387408503e-08,50,0
2315,1.17734202801e-08,50,0
2316,5.03688325801e-09,50,0
2317,1.36571675249e-09,50,0
2318,1.10584525758e-08,50,0
2319,2.22496237075e-08,50,0
2320,1.0302813056e-08,50,0
2321,2.41911677428e-08,50,0
2322,1.44320726415e-08,50,0
2323,2.12713595133e-08,50,0
2324,1.88952692386e-08,50,1
2325,2.45486515949e-08,50,1
2326,7.59920763534e-10,50,1
2327,2.27526698468e-08,50,1
2328,1.6534163317e-08,50,1
2329,2.44844329389e-08,50,1
2330,2.12842032446e-08,50,1
2331,1.81096610127e-08,50,1
2332,2.28061853935e-08,50,1
2333,1.02578599968e-08,50,1
2334,5.59130432211e-09,50,1
2335,2.28532790746e-08,50,1
2336,2.43666987361e-08,50,1
2337,1.17777015238e-08,50,1
2338,1.66561787635e-08,50,1
2339,8.66095608242e-09,50,1
2340,1.03541879809e-08,50,1
2341,2.292820084e-08,50,1
2342,4.13140020738e-09,50,1
2343,1.36464644156e-08,50,1
2344,1.17006391366e-08,50,1
2345,1.79362706413e-08,50,1
2346,1.19789199795e-08,50,1
2347,2.1112953495e-08,50,1
2348,2.13890937161e-08,50,1
2349,1.01122977097e-08,50,1
2350,1.2396341244e-08,50,1
2351,2.23052798761e-08,50,1
2352,9.80832940426e-09,50,1
2353,1.85527697396e-08,50,1
2354,1.22850289068e-08,50,1
2355,9.11904916241e-09,50,1
2356,2.24230140789e-08,50,1
2357,2.16395464748e-08,50,1
2358,2.80849589227e-09,50,1
2359,5.94664755239e-09,50,1
2360,6.87995868732e-09,50,1
2361,9.96245417884e-09,50,1
2362,2.15624840875e-08,50,1
2363,1.8398644965e-08,50,1
2364,1.21630134603e-08,50,1
2365,1.95010652276e-08,50,1
2366,8.91997132858e-09,50,1
2367,2.14490311285e-08,50,1
2368,1.64164291142e-08,50,1
2369,2.26434981314e-08,50,1
2370,1.82637857872e-08,50,1
2371,2.45957452761e-08,50,1
2372,1.67824754538e-08,50,1
2373,7.43009850768e-09,50,1
2374,2.10551567046e-08,50,1
2375,2.33284971296e-08,50,1
2376,1.75723649235e-08,50,1
2377,2.0770453996e-08,50,1
2378,8.23069108673e-09,50,1
2379,2.02930953192e-08,50,1
2380,1.12254210816e-08,50,1
2381,1.71313968185e-08,50,1
2382,1.74717556957e-08,50,1
2383,8.16647243065e-09,50,1
2384,2.34376688449e-08,50,1
2385,2.03573139752e-08,50,1
2386,2.06527197932e-08,50,1
2387,1.80026299192e-09,50,1
2388,1.73904120646e-08,50,1
2389,1.09557027261e-08,50,1
2390,2.05863605152e-08,50,1
2391,2.36602935193e-08,50,1
2392,2.05606730528e-08,50,1
2393,2.35618249133e-08,50,1
2394,1.65470070482e-09,50,1
2395,2.36174810819e-08,50,1
2396,8.28634725532e-09,50,1
2397,2.0819688299e-08,50,1
2398,1.07202343205e-08,50,1
2399,1.70008188845e-08,50,1
2400,4.24913441018e-09,50,1
2401,1.78313801697e-08,50,1
2402,1.05211564867e-08,50,1
2403,8.49184695476e-09,50,1
2404,2.41483553054e-08,50,1
2405,2.30887474802e-08,50,1
2406,1.99912676356e-08,50,1
2407,1.77885677323e-08,50,1
2408,2.40777147837e-08,50,1
2409,2.31529661363e-08,50,1
2410,2.86843330461e-10,50,1
2411,8.42334705495e-09,50,1
2412,2.09288600143e-08,50,1
2413,1.06281875801e-08,50,1
2414,1.69280377409e-08,50,1
2415,2.08881881988e-08,50,1
2416,2.32193254142e-08,50,1
2417,2.01282674352e-08,50,1
2418,5.16746119203e-09,50,1
2419,2.08625007363e-08,50,1
2420,4.4353685128e-09,50,1
2421,2.0181782982e-08,50,1
2422,1.7743614673e-08,50,1
2423,1.29657466612e-08,50,1
2424,2.05200012373e-08,50,1
2425,3.43569809992e-09,50,1
2426,1.87946600108e-08,50,1
2427,2.20719520924e-08,50,1
2428,1.89659097603e-08,50,1
2429,6.38333441368e-09,50,1
2430,2.19670616208e-08,50,1
2431,3.26444835039e-09,50,1
2432,3.09319860086e-09,50,1
2433,9.56643913305e-09,50,1
2434,1.28522937021e-08,50,1
2435,1.26232471621e-08,50,1
2436,9.35665818988e-09,50,1
2437,1.20838104511e-08,50,2
2438,2.14126405567e-08,50,2
2439,4.99193019876e-09,50,2
2440,2.28918102683e-08,50,2
2441,7.63345758524e-09,50,2
2442,2.10594379483e-08,50,2
2443,3.5962447401e-10,50,2
2444,2.17059057528e-08,50,2
2445,2.67470702545e-08,50,2
2446,5.20171114194e-09,50,2
2447,7.31664554862e-09,50,2
2448,9.52790793941e-09,50,2
2449,1.37256674247e-08,50,2
2450,2.1260656404e-08,50,2
2451,1.02107663157e-08,50,2
2452,2.80293027541e-08,50,2
2453,9.75267323566e-09,50,2
2454,6.15642849556e-09,50,2
2455,1.40146513771e-08,50,2
2456,8.84076831942e-09,50,2
2457,2.21704206984e-08,50,2
2458,8.00806641234e-09,50,2
2459,7.02552097442e-09,50,2
2460,2.69911011476e-08,50,2
2461,1.06003594958e-08,50,2
2462,2.56510718575e-08,50,2
2463,2.56446499919e-09,50,2
2464,1.51256341271e-08,50,2
2465,2.73400225123e-08,50,2
2466,1.61103201869e-08,50,2
2467,2.61027430719e-08,50,2
2468,1.38712297118e-09,50,2
2469,2.65672580175e-08,50,2
2470,1.86020040426e-09,50,2
2471,3.64761966496e-09,50,2
2472,1.28009187773e-08,50,2
2473,1.16877954053e-08,50,2
2474,6.02156931781e-09,50,2
2475,1.90729408538e-08,50,2
2476,1.10434682227e-08,50,2
2477,1.88503161794e-08,50,2
2478,8.38909710504e-09,50,2
2479,1.12767960065e-08,50,2
2480,2.25835607191e-09,50,2
2481,3.14243290385e-09,50,2
2482,1.1430920781e-09,50,2
2483,1.08079998171e-08,50,2
